Año,Especie,ANP,Localidad,Altitud,Tipo_Vegt
2001,Artibeus lituratus,ANP El Salado,Las Higueras,235,Vegetación secundaria
2001,Rhogeessa parvula,ANP El Salado,Las Higueras,235,Vegetación secundaria
2001,Rhogeessa parvula,ANP El Salado,Las Higueras,235,Vegetación secundaria
2001,Artibeus lituratus,ANP El Salado,Las Higueras,235,Vegetación secundaria
2001,Artibeus lituratus,ANP El Salado,Las Higueras,235,Vegetación secundaria
2001,Artibeus lituratus,ANP El Salado,Las Higueras,235,Vegetación secundaria
2001,Glossophaga mutica,ANP El Salado,Las Higueras,235,Vegetación secundaria
2001,Artibeus jamaicensis,ANP El Salado,Las Higueras,235,Vegetación secundaria
2001,Artibeus jamaicensis,ANP El Salado,Las Higueras,235,Vegetación secundaria
2001,Artibeus lituratus,ANP El Salado,Las Higueras,235,Vegetación secundaria
2001,Artibeus lituratus,ANP El Salado,Las Higueras,235,Vegetación secundaria
2001,Artibeus lituratus,ANP El Salado,Las Higueras,235,Vegetación secundaria
2001,Artibeus jamaicensis,ANP El Salado,Las Higueras,235,Vegetación secundaria
2001,Artibeus lituratus,ANP El Salado,Las Higueras,235,Vegetación secundaria
2001,Sturnira parvidens,ANP El Salado,Las Higueras,235,Vegetación secundaria
2001,Artibeus lituratus,ANP El Salado,Las Higueras,235,Vegetación secundaria
2001,Artibeus jamaicensis,ANP El Salado,Las Higueras,235,Vegetación secundaria
2001,Artibeus jamaicensis,ANP El Salado,Las Higueras,235,Vegetación secundaria
2001,Artibeus lituratus,ANP El Salado,Las Higueras,235,Vegetación secundaria
2001,Artibeus lituratus,ANP El Salado,Las Higueras,235,Vegetación secundaria
2001,Artibeus lituratus,ANP El Salado,Las Higueras,235,Vegetación secundaria
2001,Artibeus lituratus,ANP El Salado,Las Higueras,235,Vegetación secundaria
2001,Artibeus lituratus,ANP El Salado,Las Higueras,235,Vegetación secundaria
2001,Artibeus lituratus,ANP El Salado,Las Higueras,235,Vegetación secundaria
2001,Artibeus lituratus,ANP El Salado,Las Higueras,235,Vegetación secundaria
2001,Artibeus jamaicensis,ANP El Salado,Las Higueras,235,Vegetación secundaria
2001,Artibeus jamaicensis,ANP El Salado,Las Higueras,235,Vegetación secundaria
2001,Artibeus jamaicensis,ANP El Salado,Las Higueras,235,Vegetación secundaria
2001,Artibeus lituratus,ANP El Salado,Las Higueras,235,Vegetación secundaria
2001,Dermanura phaeotis,ANP El Salado,Las Higueras,235,Vegetación secundaria
2001,Artibeus lituratus,ANP El Salado,Las Higueras,235,Vegetación secundaria
2001,Artibeus lituratus,ANP El Salado,Las Higueras,235,Vegetación secundaria
2001,Glossophaga mutica,ANP El Salado,El Vivero,350,bosque tropical subcaducifolio
2001,Artibeus lituratus,ANP El Salado,El Vivero,350,bosque tropical subcaducifolio
2001,Artibeus lituratus,ANP El Salado,El Vivero,350,bosque tropical subcaducifolio
2001,Artibeus jamaicensis,ANP El Salado,El Vivero,350,bosque tropical subcaducifolio
2001,Artibeus lituratus,ANP El Salado,El Vivero,350,bosque tropical subcaducifolio
2001,Glossophaga mutica,ANP El Salado,El Vivero,350,bosque tropical subcaducifolio
2001,Glossophaga mutica,ANP El Salado,El Vivero,350,bosque tropical subcaducifolio
2001,Leptonycteris yerbabuenae,ANP El Salado,El Vivero,350,bosque tropical subcaducifolio
2001,Artibeus lituratus,ANP El Salado,El Vivero,350,bosque tropical subcaducifolio
2001,Artibeus lituratus,ANP El Salado,El Vivero,350,bosque tropical subcaducifolio
2001,Artibeus lituratus,ANP El Salado,El Vivero,350,bosque tropical subcaducifolio
2001,Artibeus lituratus,ANP El Salado,El Vivero,350,bosque tropical subcaducifolio
2001,Artibeus lituratus,ANP El Salado,El Vivero,350,bosque tropical subcaducifolio
2001,Artibeus lituratus,ANP El Salado,El Vivero,350,bosque tropical subcaducifolio
2001,Artibeus lituratus,ANP El Salado,El Vivero,350,bosque tropical subcaducifolio
2001,Artibeus lituratus,ANP El Salado,El Vivero,350,bosque tropical subcaducifolio
2001,Artibeus lituratus,ANP El Salado,El Vivero,350,bosque tropical subcaducifolio
2001,Artibeus jamaicensis,ANP El Salado,El Vivero,350,bosque tropical subcaducifolio
2001,Artibeus jamaicensis,ANP El Salado,El Vivero,350,bosque tropical subcaducifolio
2001,Artibeus jamaicensis,ANP El Salado,El Vivero,350,bosque tropical subcaducifolio
2001,Rhogeessa parvula,ANP El Salado,Las Higueras,235,Vegetación secundaria
2001,Rhogeessa parvula,ANP El Salado,Las Higueras,235,Vegetación secundaria
2001,Artibeus lituratus,ANP El Salado,Las Higueras,235,Vegetación secundaria
2001,Artibeus lituratus,ANP El Salado,Las Higueras,235,Vegetación secundaria
2001,Artibeus lituratus,ANP El Salado,Las Higueras,235,Vegetación secundaria
2001,Artibeus lituratus,ANP El Salado,Las Higueras,235,Vegetación secundaria
2001,Artibeus lituratus,ANP El Salado,Las Higueras,235,Vegetación secundaria
2001,Dermanura phaeotis,ANP El Salado,Las Higueras,235,Vegetación secundaria
2001,Artibeus lituratus,ANP El Salado,Las Higueras,235,Vegetación secundaria
2001,Artibeus lituratus,ANP El Salado,Las Higueras,235,Vegetación secundaria
2001,Artibeus lituratus,ANP El Salado,Las Higueras,235,Vegetación secundaria
2001,Artibeus lituratus,ANP El Salado,Las Higueras,235,Vegetación secundaria
2001,Artibeus lituratus,ANP El Salado,Las Higueras,235,Vegetación secundaria
2001,Artibeus jamaicensis,ANP El Salado,Las Higueras,235,Vegetación secundaria
2001,Artibeus lituratus,ANP El Salado,Las Higueras,235,Vegetación secundaria
2001,Artibeus lituratus,ANP El Salado,Las Higueras,235,Vegetación secundaria
2001,Artibeus jamaicensis,ANP El Salado,Las Higueras,235,Vegetación secundaria
2001,Artibeus lituratus,ANP El Salado,Las Higueras,235,Vegetación secundaria
2001,Artibeus lituratus,ANP El Salado,Las Higueras,235,Vegetación secundaria
2001,Artibeus lituratus,ANP El Salado,Las Higueras,235,Vegetación secundaria
2001,Artibeus lituratus,ANP El Salado,Las Higueras,235,Vegetación secundaria
2001,Rhogeessa parvula,ANP El Salado,El Vivero,350,bosque tropical subcaducifolio
2001,Rhogeessa parvula,ANP El Salado,El Vivero,350,bosque tropical subcaducifolio
2001,Rhogeessa parvula,ANP El Salado,El Vivero,350,bosque tropical subcaducifolio
2001,Artibeus lituratus,ANP El Salado,El Vivero,350,bosque tropical subcaducifolio
2001,Artibeus lituratus,ANP El Salado,El Vivero,350,bosque tropical subcaducifolio
2001,Artibeus lituratus,ANP El Salado,El Vivero,350,bosque tropical subcaducifolio
2001,Artibeus lituratus,ANP El Salado,El Vivero,350,bosque tropical subcaducifolio
2001,Artibeus lituratus,ANP El Salado,El Vivero,350,bosque tropical subcaducifolio
2001,Artibeus jamaicensis,ANP El Salado,El Vivero,350,bosque tropical subcaducifolio
2001,Artibeus lituratus,ANP El Salado,El Vivero,350,bosque tropical subcaducifolio
2001,Artibeus lituratus,ANP El Salado,El Vivero,350,bosque tropical subcaducifolio
2001,Artibeus lituratus,ANP El Salado,El Vivero,350,bosque tropical subcaducifolio
2001,Artibeus lituratus,ANP El Salado,El Vivero,350,bosque tropical subcaducifolio
2001,Artibeus lituratus,ANP El Salado,El Vivero,350,bosque tropical subcaducifolio
2001,Glossophaga mutica,ANP El Salado,Las Higueras,235,Vegetación secundaria
2001,Artibeus lituratus,ANP El Salado,Las Higueras,235,Vegetación secundaria
2001,Leptonycteris yerbabuenae,ANP El Salado,Las Higueras,235,Vegetación secundaria
2001,Artibeus lituratus,ANP El Salado,Las Higueras,235,Vegetación secundaria
2001,Artibeus lituratus,ANP El Salado,Las Higueras,235,Vegetación secundaria
2001,Artibeus lituratus,ANP El Salado,Las Higueras,235,Vegetación secundaria
2001,Artibeus lituratus,ANP El Salado,Las Higueras,235,Vegetación secundaria
2001,Artibeus lituratus,ANP El Salado,Las Higueras,235,Vegetación secundaria
2001,Artibeus jamaicensis,ANP El Salado,Las Higueras,235,Vegetación secundaria
2001,Artibeus lituratus,ANP El Salado,Las Higueras,235,Vegetación secundaria
2001,Artibeus lituratus,ANP El Salado,Las Higueras,235,Vegetación secundaria
2001,Artibeus lituratus,ANP El Salado,Las Higueras,235,Vegetación secundaria
2001,Artibeus lituratus,ANP El Salado,Las Higueras,235,Vegetación secundaria
2001,Artibeus lituratus,ANP El Salado,Las Higueras,235,Vegetación secundaria
2001,Artibeus lituratus,ANP El Salado,Las Higueras,235,Vegetación secundaria
2001,Artibeus lituratus,ANP El Salado,Las Higueras,235,Vegetación secundaria
2001,Rhogeessa parvula,ANP El Salado,El Vivero,350,bosque tropical subcaducifolio
2001,Glossophaga mutica,ANP El Salado,El Vivero,350,bosque tropical subcaducifolio
2001,Artibeus lituratus,ANP El Salado,El Vivero,350,bosque tropical subcaducifolio
2001,Artibeus lituratus,ANP El Salado,El Vivero,350,bosque tropical subcaducifolio
2001,Glossophaga mutica,ANP El Salado,El Vivero,350,bosque tropical subcaducifolio
2001,Glossophaga mutica,ANP El Salado,El Vivero,350,bosque tropical subcaducifolio
2001,Dermanura phaeotis,ANP El Salado,El Vivero,350,bosque tropical subcaducifolio
2001,Glossophaga mutica,ANP El Salado,El Vivero,350,bosque tropical subcaducifolio
2001,Artibeus lituratus,ANP El Salado,El Vivero,350,bosque tropical subcaducifolio
2001,Artibeus lituratus,ANP El Salado,El Vivero,350,bosque tropical subcaducifolio
2001,Artibeus lituratus,ANP El Salado,El Vivero,350,bosque tropical subcaducifolio
2001,Artibeus lituratus,ANP El Salado,El Vivero,350,bosque tropical subcaducifolio
2001,Glossophaga mutica,ANP El Salado,El Vivero,350,bosque tropical subcaducifolio
2001,Artibeus lituratus,ANP El Salado,El Vivero,350,bosque tropical subcaducifolio
2001,Dermanura phaeotis,ANP El Salado,El Vivero,350,bosque tropical subcaducifolio
2001,Glossophaga mutica,ANP El Salado,El Vivero,350,bosque tropical subcaducifolio
2001,Artibeus lituratus,ANP El Salado,El Vivero,350,bosque tropical subcaducifolio
2001,Artibeus lituratus,ANP El Salado,El Vivero,350,bosque tropical subcaducifolio
2001,Artibeus lituratus,ANP El Salado,El Vivero,350,bosque tropical subcaducifolio
2001,Artibeus lituratus,ANP El Salado,El Vivero,350,bosque tropical subcaducifolio
2001,Leptonycteris yerbabuenae,ANP El Salado,El Vivero,350,bosque tropical subcaducifolio
2001,Rhogeessa parvula,ANP El Salado,Las Higueras,235,Vegetación secundaria
2001,Rhogeessa parvula,ANP El Salado,Las Higueras,235,Vegetación secundaria
2001,Artibeus lituratus,ANP El Salado,Las Higueras,235,Vegetación secundaria
2001,Artibeus lituratus,ANP El Salado,Las Higueras,235,Vegetación secundaria
2001,Artibeus lituratus,ANP El Salado,Las Higueras,235,Vegetación secundaria
2001,Artibeus lituratus,ANP El Salado,Las Higueras,235,Vegetación secundaria
2001,Artibeus jamaicensis,ANP El Salado,Las Higueras,235,Vegetación secundaria
2001,Artibeus lituratus,ANP El Salado,Las Higueras,235,Vegetación secundaria
2001,Artibeus lituratus,ANP El Salado,Las Higueras,235,Vegetación secundaria
2001,Artibeus lituratus,ANP El Salado,Las Higueras,235,Vegetación secundaria
2001,Artibeus lituratus,ANP El Salado,Las Higueras,235,Vegetación secundaria
2001,Artibeus lituratus,ANP El Salado,Las Higueras,235,Vegetación secundaria
2001,Sturnira parvidens,ANP El Salado,Las Higueras,235,Vegetación secundaria
2001,Artibeus lituratus,ANP El Salado,Las Higueras,235,Vegetación secundaria
2001,Artibeus lituratus,ANP El Salado,Las Higueras,235,Vegetación secundaria
2001,Glossophaga mutica,ANP El Salado,Las Higueras,235,Vegetación secundaria
2001,Artibeus lituratus,ANP El Salado,Las Higueras,235,Vegetación secundaria
2001,Dermanura phaeotis,ANP El Salado,El Vivero,350,bosque tropical subcaducifolio
2001,Glossophaga mutica,ANP El Salado,El Vivero,350,bosque tropical subcaducifolio
2001,Artibeus lituratus,ANP El Salado,El Vivero,350,bosque tropical subcaducifolio
2001,Glossophaga mutica,ANP El Salado,El Vivero,350,bosque tropical subcaducifolio
2001,Artibeus lituratus,ANP El Salado,El Vivero,350,bosque tropical subcaducifolio
2001,Artibeus lituratus,ANP El Salado,El Vivero,350,bosque tropical subcaducifolio
2001,Glossophaga mutica,ANP El Salado,El Vivero,350,bosque tropical subcaducifolio
2001,Glossophaga mutica,ANP El Salado,El Vivero,350,bosque tropical subcaducifolio
2001,Glossophaga mutica,ANP El Salado,El Vivero,350,bosque tropical subcaducifolio
2001,Artibeus lituratus,ANP El Salado,El Vivero,350,bosque tropical subcaducifolio
2001,Artibeus lituratus,ANP El Salado,El Vivero,350,bosque tropical subcaducifolio
2001,Glossophaga mutica,ANP El Salado,El Vivero,350,bosque tropical subcaducifolio
2001,Artibeus lituratus,ANP El Salado,El Vivero,350,bosque tropical subcaducifolio
2001,Glossophaga mutica,ANP El Salado,El Vivero,350,bosque tropical subcaducifolio
2001,Artibeus lituratus,ANP El Salado,El Vivero,350,bosque tropical subcaducifolio
2001,Artibeus lituratus,ANP El Salado,El Vivero,350,bosque tropical subcaducifolio
2001,Artibeus lituratus,ANP El Salado,El Vivero,350,bosque tropical subcaducifolio
2001,Artibeus lituratus,ANP El Salado,El Vivero,350,bosque tropical subcaducifolio
2001,Artibeus lituratus,ANP El Salado,El Vivero,350,bosque tropical subcaducifolio
2001,Glossophaga mutica,ANP El Salado,El Vivero,350,bosque tropical subcaducifolio
2001,Artibeus lituratus,ANP El Salado,El Vivero,350,bosque tropical subcaducifolio
2001,Artibeus lituratus,ANP El Salado,El Vivero,350,bosque tropical subcaducifolio
2001,Artibeus lituratus,ANP El Salado,El Vivero,350,bosque tropical subcaducifolio
2001,Artibeus lituratus,ANP El Salado,El Vivero,350,bosque tropical subcaducifolio
2001,Artibeus lituratus,ANP El Salado,El Vivero,350,bosque tropical subcaducifolio
2001,Artibeus lituratus,ANP El Salado,El Vivero,350,bosque tropical subcaducifolio
2001,Artibeus jamaicensis,ANP El Salado,El Vivero,350,bosque tropical subcaducifolio
2001,Artibeus lituratus,ANP El Salado,El Vivero,350,bosque tropical subcaducifolio
2001,Artibeus lituratus,ANP El Salado,El Vivero,350,bosque tropical subcaducifolio
2001,Glossophaga mutica,ANP El Salado,Las Higueras,235,Vegetación secundaria
2001,Dermanura phaeotis,ANP El Salado,Las Higueras,235,Vegetación secundaria
2001,Artibeus lituratus,ANP El Salado,Las Higueras,235,Vegetación secundaria
2001,Glossophaga mutica,ANP El Salado,Las Higueras,235,Vegetación secundaria
2001,Sturnira parvidens,ANP El Salado,Las Higueras,235,Vegetación secundaria
2001,Glossophaga mutica,ANP El Salado,Las Higueras,235,Vegetación secundaria
2001,Glossophaga mutica,ANP El Salado,Las Higueras,235,Vegetación secundaria
2001,Artibeus jamaicensis,ANP El Salado,Las Higueras,235,Vegetación secundaria
2001,Glossophaga mutica,ANP El Salado,Las Higueras,235,Vegetación secundaria
2001,Glossophaga mutica,ANP El Salado,Las Higueras,235,Vegetación secundaria
2001,Artibeus jamaicensis,ANP El Salado,Las Higueras,235,Vegetación secundaria
2001,Artibeus jamaicensis,ANP El Salado,Las Higueras,235,Vegetación secundaria
2001,Glossophaga mutica,ANP El Salado,Las Higueras,235,Vegetación secundaria
2001,Rhogeessa parvula,ANP El Salado,Las Higueras,235,Vegetación secundaria
2001,Artibeus lituratus,ANP El Salado,Las Higueras,235,Vegetación secundaria
2001,Artibeus lituratus,ANP El Salado,Las Higueras,235,Vegetación secundaria
2001,Dermanura phaeotis,ANP El Salado,Las Higueras,235,Vegetación secundaria
2001,Glossophaga mutica,ANP El Salado,Las Higueras,235,Vegetación secundaria
2001,Glossophaga mutica,ANP El Salado,Las Higueras,235,Vegetación secundaria
2001,Artibeus lituratus,ANP El Salado,Las Higueras,235,Vegetación secundaria
2001,Artibeus lituratus,ANP El Salado,Las Higueras,235,Vegetación secundaria
2001,Glossophaga mutica,ANP El Salado,Las Higueras,235,Vegetación secundaria
2001,Glossophaga mutica,ANP El Salado,Las Higueras,235,Vegetación secundaria
2001,Glossophaga mutica,ANP El Salado,Las Higueras,235,Vegetación secundaria
2001,Artibeus jamaicensis,ANP El Salado,Las Higueras,235,Vegetación secundaria
2001,Glossophaga mutica,ANP El Salado,Las Higueras,235,Vegetación secundaria
2001,Glossophaga mutica,ANP El Salado,Las Higueras,235,Vegetación secundaria
2001,Glossophaga mutica,ANP El Salado,Las Higueras,235,Vegetación secundaria
2001,Glossophaga mutica,ANP El Salado,Las Higueras,235,Vegetación secundaria
2001,Dermanura phaeotis,ANP El Salado,Las Higueras,235,Vegetación secundaria
2001,Glossophaga mutica,ANP El Salado,Las Higueras,235,Vegetación secundaria
2001,Artibeus lituratus,ANP El Salado,Las Higueras,235,Vegetación secundaria
2001,Dermanura phaeotis,ANP El Salado,Las Higueras,235,Vegetación secundaria
2001,Glossophaga mutica,ANP El Salado,Las Higueras,235,Vegetación secundaria
2001,Artibeus jamaicensis,ANP El Salado,Las Higueras,235,Vegetación secundaria
2001,Glossophaga mutica,ANP El Salado,Las Higueras,235,Vegetación secundaria
2001,Glossophaga mutica,ANP El Salado,Las Higueras,235,Vegetación secundaria
2001,Artibeus jamaicensis,ANP El Salado,Las Higueras,235,Vegetación secundaria
2001,Glossophaga mutica,ANP El Salado,Las Higueras,235,Vegetación secundaria
2001,Glossophaga mutica,ANP El Salado,Las Higueras,235,Vegetación secundaria
2001,Glossophaga mutica,ANP El Salado,Las Higueras,235,Vegetación secundaria
2001,Artibeus lituratus,ANP El Salado,Las Higueras,235,Vegetación secundaria
2001,Glossophaga mutica,ANP El Salado,Las Higueras,235,Vegetación secundaria
2001,Artibeus lituratus,ANP El Salado,Las Higueras,235,Vegetación secundaria
2001,Glossophaga mutica,ANP El Salado,Las Higueras,235,Vegetación secundaria
2001,Artibeus lituratus,ANP El Salado,Las Higueras,235,Vegetación secundaria
2001,Artibeus lituratus,ANP El Salado,Las Higueras,235,Vegetación secundaria
2001,Glossophaga mutica,ANP El Salado,Las Higueras,235,Vegetación secundaria
2001,Glossophaga mutica,ANP El Salado,Las Higueras,235,Vegetación secundaria
2001,Glossophaga mutica,ANP El Salado,Las Higueras,235,Vegetación secundaria
2001,Glossophaga mutica,ANP El Salado,Las Higueras,235,Vegetación secundaria
2001,Artibeus lituratus,ANP El Salado,Las Higueras,235,Vegetación secundaria
2001,Glossophaga mutica,ANP El Salado,Las Higueras,235,Vegetación secundaria
2001,Artibeus lituratus,ANP El Salado,Las Higueras,235,Vegetación secundaria
2001,Glossophaga mutica,ANP El Salado,Las Higueras,235,Vegetación secundaria
2001,Artibeus lituratus,ANP El Salado,Las Higueras,235,Vegetación secundaria
2001,Dermanura phaeotis,ANP El Salado,Las Higueras,235,Vegetación secundaria
2001,Rhogeessa parvula,ANP El Salado,Las Higueras,235,Vegetación secundaria
2001,Glossophaga mutica,ANP El Salado,Las Higueras,235,Vegetación secundaria
2001,Artibeus lituratus,ANP El Salado,Las Higueras,235,Vegetación secundaria
2001,Artibeus jamaicensis,ANP El Salado,Las Higueras,235,Vegetación secundaria
2001,Glossophaga mutica,ANP El Salado,Las Higueras,235,Vegetación secundaria
2001,Artibeus lituratus,ANP El Salado,Las Higueras,235,Vegetación secundaria
2001,Artibeus jamaicensis,ANP El Salado,Las Higueras,235,Vegetación secundaria
2001,Dermanura phaeotis,ANP El Salado,Las Higueras,235,Vegetación secundaria
2001,Artibeus jamaicensis,ANP El Salado,Las Higueras,235,Vegetación secundaria
2001,Dermanura phaeotis,ANP El Salado,Las Higueras,235,Vegetación secundaria
2001,Artibeus lituratus,ANP El Salado,Las Higueras,235,Vegetación secundaria
2001,Artibeus lituratus,ANP El Salado,El Vivero,350,bosque tropical subcaducifolio
2001,Dermanura phaeotis,ANP El Salado,El Vivero,350,bosque tropical subcaducifolio
2001,Dermanura phaeotis,ANP El Salado,El Vivero,350,bosque tropical subcaducifolio
2001,Artibeus lituratus,ANP El Salado,El Vivero,350,bosque tropical subcaducifolio
2001,Artibeus lituratus,ANP El Salado,El Vivero,350,bosque tropical subcaducifolio
2001,Artibeus lituratus,ANP El Salado,El Vivero,350,bosque tropical subcaducifolio
2001,Glossophaga mutica,ANP El Salado,El Vivero,350,bosque tropical subcaducifolio
2001,Glossophaga mutica,ANP El Salado,El Vivero,350,bosque tropical subcaducifolio
2001,Glossophaga mutica,ANP El Salado,El Vivero,350,bosque tropical subcaducifolio
2001,Artibeus lituratus,ANP El Salado,El Vivero,350,bosque tropical subcaducifolio
2001,Dermanura phaeotis,ANP El Salado,El Vivero,350,bosque tropical subcaducifolio
2001,Artibeus lituratus,ANP El Salado,El Vivero,350,bosque tropical subcaducifolio
2001,Glossophaga mutica,ANP El Salado,El Vivero,350,bosque tropical subcaducifolio
2001,Artibeus lituratus,ANP El Salado,El Vivero,350,bosque tropical subcaducifolio
2001,Artibeus jamaicensis,ANP El Salado,El Vivero,350,bosque tropical subcaducifolio
2001,Dermanura phaeotis,ANP El Salado,El Vivero,350,bosque tropical subcaducifolio
2001,Dermanura phaeotis,ANP El Salado,El Vivero,350,bosque tropical subcaducifolio
2001,Glossophaga mutica,ANP El Salado,El Vivero,350,bosque tropical subcaducifolio
2001,Artibeus lituratus,ANP El Salado,El Vivero,350,bosque tropical subcaducifolio
2001,Glossophaga mutica,ANP El Salado,El Vivero,350,bosque tropical subcaducifolio
2001,Artibeus lituratus,ANP El Salado,El Vivero,350,bosque tropical subcaducifolio
2001,Glossophaga mutica,ANP El Salado,El Vivero,350,bosque tropical subcaducifolio
2001,Glossophaga mutica,ANP El Salado,El Vivero,350,bosque tropical subcaducifolio
2001,Artibeus lituratus,ANP El Salado,El Vivero,350,bosque tropical subcaducifolio
2001,Glossophaga mutica,ANP El Salado,El Vivero,350,bosque tropical subcaducifolio
2001,Artibeus lituratus,ANP El Salado,El Vivero,350,bosque tropical subcaducifolio
2001,Artibeus lituratus,ANP El Salado,El Vivero,350,bosque tropical subcaducifolio
2001,Glossophaga mutica,ANP El Salado,El Vivero,350,bosque tropical subcaducifolio
2001,Glossophaga mutica,ANP El Salado,El Vivero,350,bosque tropical subcaducifolio
2001,Artibeus lituratus,ANP El Salado,El Vivero,350,bosque tropical subcaducifolio
2001,Glossophaga mutica,ANP El Salado,El Vivero,350,bosque tropical subcaducifolio
2001,Glossophaga mutica,ANP El Salado,El Vivero,350,bosque tropical subcaducifolio
2001,Glossophaga mutica,ANP El Salado,El Vivero,350,bosque tropical subcaducifolio
2001,Glossophaga mutica,ANP El Salado,El Vivero,350,bosque tropical subcaducifolio
2001,Artibeus lituratus,ANP El Salado,El Vivero,350,bosque tropical subcaducifolio
2001,Dermanura phaeotis,ANP El Salado,El Vivero,350,bosque tropical subcaducifolio
2001,Glossophaga mutica,ANP El Salado,El Vivero,350,bosque tropical subcaducifolio
2001,Artibeus lituratus,ANP El Salado,El Vivero,350,bosque tropical subcaducifolio
2001,Artibeus lituratus,ANP El Salado,El Vivero,350,bosque tropical subcaducifolio
2001,Glossophaga mutica,ANP El Salado,El Vivero,350,bosque tropical subcaducifolio
2001,Artibeus lituratus,ANP El Salado,El Vivero,350,bosque tropical subcaducifolio
2001,Artibeus jamaicensis,ANP El Salado,El Vivero,350,bosque tropical subcaducifolio
2001,Sturnira parvidens,ANP El Salado,El Vivero,350,bosque tropical subcaducifolio
2001,Dermanura phaeotis,ANP El Salado,El Vivero,350,bosque tropical subcaducifolio
2001,Artibeus lituratus,ANP El Salado,El Vivero,350,bosque tropical subcaducifolio
2001,Artibeus lituratus,ANP El Salado,El Vivero,350,bosque tropical subcaducifolio
2001,Dermanura phaeotis,ANP El Salado,El Vivero,350,bosque tropical subcaducifolio
2001,Artibeus lituratus,ANP El Salado,El Vivero,350,bosque tropical subcaducifolio
2001,Artibeus lituratus,ANP El Salado,El Vivero,350,bosque tropical subcaducifolio
2001,Glossophaga mutica,ANP El Salado,El Vivero,350,bosque tropical subcaducifolio
2001,Glossophaga mutica,ANP El Salado,El Vivero,350,bosque tropical subcaducifolio
2001,Sturnira parvidens,ANP El Salado,El Vivero,350,bosque tropical subcaducifolio
2001,Glossophaga mutica,ANP El Salado,Las Higueras,235,Vegetación secundaria
2001,Glossophaga mutica,ANP El Salado,Las Higueras,235,Vegetación secundaria
2001,Rhogeessa parvula,ANP El Salado,Las Higueras,235,Vegetación secundaria
2001,Glossophaga mutica,ANP El Salado,Las Higueras,235,Vegetación secundaria
2001,Glossophaga mutica,ANP El Salado,Las Higueras,235,Vegetación secundaria
2001,Artibeus lituratus,ANP El Salado,Las Higueras,235,Vegetación secundaria
2001,Glossophaga mutica,ANP El Salado,Las Higueras,235,Vegetación secundaria
2001,Glossophaga mutica,ANP El Salado,Las Higueras,235,Vegetación secundaria
2001,Glossophaga mutica,ANP El Salado,Las Higueras,235,Vegetación secundaria
2001,Artibeus lituratus,ANP El Salado,Las Higueras,235,Vegetación secundaria
2001,Dermanura phaeotis,ANP El Salado,Las Higueras,235,Vegetación secundaria
2001,Glossophaga mutica,ANP El Salado,Las Higueras,235,Vegetación secundaria
2001,Glossophaga mutica,ANP El Salado,Las Higueras,235,Vegetación secundaria
2001,Glossophaga mutica,ANP El Salado,Las Higueras,235,Vegetación secundaria
2001,Artibeus lituratus,ANP El Salado,Las Higueras,235,Vegetación secundaria
2001,Glossophaga mutica,ANP El Salado,Las Higueras,235,Vegetación secundaria
2001,Glossophaga mutica,ANP El Salado,Las Higueras,235,Vegetación secundaria
2001,Glossophaga mutica,ANP El Salado,Las Higueras,235,Vegetación secundaria
2001,Artibeus lituratus,ANP El Salado,Las Higueras,235,Vegetación secundaria
2001,Artibeus jamaicensis,ANP El Salado,Las Higueras,235,Vegetación secundaria
2001,Artibeus jamaicensis,ANP El Salado,Las Higueras,235,Vegetación secundaria
2001,Artibeus lituratus,ANP El Salado,Las Higueras,235,Vegetación secundaria
2001,Artibeus lituratus,ANP El Salado,Las Higueras,235,Vegetación secundaria
2001,Glossophaga mutica,ANP El Salado,Las Higueras,235,Vegetación secundaria
2001,Artibeus lituratus,ANP El Salado,Las Higueras,235,Vegetación secundaria
2001,Glossophaga mutica,ANP El Salado,Las Higueras,235,Vegetación secundaria
2001,Artibeus lituratus,ANP El Salado,Las Higueras,235,Vegetación secundaria
2001,Artibeus lituratus,ANP El Salado,Las Higueras,235,Vegetación secundaria
2001,Glossophaga mutica,ANP El Salado,Las Higueras,235,Vegetación secundaria
2001,Dermanura phaeotis,ANP El Salado,Las Higueras,235,Vegetación secundaria
2001,Glossophaga mutica,ANP El Salado,Las Higueras,235,Vegetación secundaria
2001,Artibeus lituratus,ANP El Salado,Las Higueras,235,Vegetación secundaria
2001,Artibeus jamaicensis,ANP El Salado,Las Higueras,235,Vegetación secundaria
2001,Dermanura phaeotis,ANP El Salado,Las Higueras,235,Vegetación secundaria
2001,Artibeus lituratus,ANP El Salado,Las Higueras,235,Vegetación secundaria
2001,Artibeus lituratus,ANP El Salado,Las Higueras,235,Vegetación secundaria
2001,Artibeus lituratus,ANP El Salado,Las Higueras,235,Vegetación secundaria
2001,Artibeus jamaicensis,ANP El Salado,Las Higueras,235,Vegetación secundaria
2001,Artibeus lituratus,ANP El Salado,Las Higueras,235,Vegetación secundaria
2001,Artibeus lituratus,ANP El Salado,Las Higueras,235,Vegetación secundaria
2001,Artibeus lituratus,ANP El Salado,Las Higueras,235,Vegetación secundaria
2001,Artibeus lituratus,ANP El Salado,Las Higueras,235,Vegetación secundaria
2001,Glossophaga mutica,ANP El Salado,Las Higueras,235,Vegetación secundaria
2001,Glossophaga mutica,ANP El Salado,Las Higueras,235,Vegetación secundaria
2001,Artibeus lituratus,ANP El Salado,Las Higueras,235,Vegetación secundaria
2001,Artibeus lituratus,ANP El Salado,Las Higueras,235,Vegetación secundaria
2001,Artibeus lituratus,ANP El Salado,Las Higueras,235,Vegetación secundaria
2001,Rhogeessa parvula,ANP El Salado,El Vivero,350,bosque tropical subcaducifolio
2001,Artibeus lituratus,ANP El Salado,El Vivero,350,bosque tropical subcaducifolio
2001,Artibeus lituratus,ANP El Salado,El Vivero,350,bosque tropical subcaducifolio
2001,Artibeus lituratus,ANP El Salado,El Vivero,350,bosque tropical subcaducifolio
2001,Artibeus lituratus,ANP El Salado,El Vivero,350,bosque tropical subcaducifolio
2001,Artibeus lituratus,ANP El Salado,El Vivero,350,bosque tropical subcaducifolio
2001,Rhogeessa parvula,ANP El Salado,El Vivero,350,bosque tropical subcaducifolio
2001,Artibeus lituratus,ANP El Salado,El Vivero,350,bosque tropical subcaducifolio
2001,Artibeus lituratus,ANP El Salado,El Vivero,350,bosque tropical subcaducifolio
2001,Dermanura phaeotis,ANP El Salado,El Vivero,350,bosque tropical subcaducifolio
2001,Artibeus lituratus,ANP El Salado,El Vivero,350,bosque tropical subcaducifolio
2001,Artibeus lituratus,ANP El Salado,El Vivero,350,bosque tropical subcaducifolio
2001,Dermanura phaeotis,ANP El Salado,El Vivero,350,bosque tropical subcaducifolio
2001,Dermanura phaeotis,ANP El Salado,El Vivero,350,bosque tropical subcaducifolio
2001,Artibeus lituratus,ANP El Salado,El Vivero,350,bosque tropical subcaducifolio
2001,Dermanura phaeotis,ANP El Salado,El Vivero,350,bosque tropical subcaducifolio
2001,Dermanura phaeotis,ANP El Salado,El Vivero,350,bosque tropical subcaducifolio
2001,Artibeus lituratus,ANP El Salado,El Vivero,350,bosque tropical subcaducifolio
2001,Glossophaga mutica,ANP El Salado,El Vivero,350,bosque tropical subcaducifolio
2001,Artibeus lituratus,ANP El Salado,El Vivero,350,bosque tropical subcaducifolio
2001,Artibeus lituratus,ANP El Salado,El Vivero,350,bosque tropical subcaducifolio
2001,Artibeus lituratus,ANP El Salado,El Vivero,350,bosque tropical subcaducifolio
2001,Artibeus jamaicensis,ANP El Salado,El Vivero,350,bosque tropical subcaducifolio
2001,Artibeus jamaicensis,ANP El Salado,El Vivero,350,bosque tropical subcaducifolio
2001,Artibeus lituratus,ANP El Salado,El Vivero,350,bosque tropical subcaducifolio
2001,Artibeus lituratus,ANP El Salado,El Vivero,350,bosque tropical subcaducifolio
2001,Artibeus jamaicensis,ANP El Salado,El Vivero,350,bosque tropical subcaducifolio
2001,Artibeus lituratus,ANP El Salado,El Vivero,350,bosque tropical subcaducifolio
2001,Leptonycteris yerbabuenae,ANP El Salado,El Vivero,350,bosque tropical subcaducifolio
2001,Artibeus lituratus,ANP El Salado,El Vivero,350,bosque tropical subcaducifolio
2001,Artibeus lituratus,ANP El Salado,El Vivero,350,bosque tropical subcaducifolio
2001,Dermanura phaeotis,ANP El Salado,El Vivero,350,bosque tropical subcaducifolio
2001,Artibeus lituratus,ANP El Salado,El Vivero,350,bosque tropical subcaducifolio
2001,Artibeus lituratus,ANP El Salado,El Vivero,350,bosque tropical subcaducifolio
2001,Artibeus lituratus,ANP El Salado,El Vivero,350,bosque tropical subcaducifolio
2001,Artibeus jamaicensis,ANP El Salado,El Vivero,350,bosque tropical subcaducifolio
2001,Artibeus lituratus,ANP El Salado,El Vivero,350,bosque tropical subcaducifolio
2001,Artibeus lituratus,ANP El Salado,El Vivero,350,bosque tropical subcaducifolio
2001,Glossophaga mutica,ANP El Salado,Las Higueras,235,Vegetación secundaria
2001,Artibeus lituratus,ANP El Salado,Las Higueras,235,Vegetación secundaria
2001,Glossophaga mutica,ANP El Salado,Las Higueras,235,Vegetación secundaria
2001,Artibeus lituratus,ANP El Salado,Las Higueras,235,Vegetación secundaria
2001,Glossophaga mutica,ANP El Salado,Las Higueras,235,Vegetación secundaria
2001,Glossophaga mutica,ANP El Salado,Las Higueras,235,Vegetación secundaria
2001,Glossophaga mutica,ANP El Salado,Las Higueras,235,Vegetación secundaria
2001,Glossophaga mutica,ANP El Salado,Las Higueras,235,Vegetación secundaria
2001,Artibeus lituratus,ANP El Salado,Las Higueras,235,Vegetación secundaria
2001,Dermanura phaeotis,ANP El Salado,Las Higueras,235,Vegetación secundaria
2001,Glossophaga mutica,ANP El Salado,Las Higueras,235,Vegetación secundaria
2001,Glossophaga mutica,ANP El Salado,Las Higueras,235,Vegetación secundaria
2001,Glossophaga mutica,ANP El Salado,Las Higueras,235,Vegetación secundaria
2001,Artibeus lituratus,ANP El Salado,Las Higueras,235,Vegetación secundaria
2001,Glossophaga mutica,ANP El Salado,Las Higueras,235,Vegetación secundaria
2001,Glossophaga mutica,ANP El Salado,Las Higueras,235,Vegetación secundaria
2001,Glossophaga mutica,ANP El Salado,Las Higueras,235,Vegetación secundaria
2001,Artibeus lituratus,ANP El Salado,Las Higueras,235,Vegetación secundaria
2001,Artibeus jamaicensis,ANP El Salado,Las Higueras,235,Vegetación secundaria
2001,Artibeus lituratus,ANP El Salado,Las Higueras,235,Vegetación secundaria
2001,Artibeus lituratus,ANP El Salado,Las Higueras,235,Vegetación secundaria
2001,Glossophaga mutica,ANP El Salado,Las Higueras,235,Vegetación secundaria
2001,Glossophaga mutica,ANP El Salado,Las Higueras,235,Vegetación secundaria
2001,Glossophaga mutica,ANP El Salado,Las Higueras,235,Vegetación secundaria
2001,Sturnira parvidens,ANP El Salado,Las Higueras,235,Vegetación secundaria
2001,Artibeus jamaicensis,ANP El Salado,Las Higueras,235,Vegetación secundaria
2001,Artibeus lituratus,ANP El Salado,Las Higueras,235,Vegetación secundaria
2001,Glossophaga mutica,ANP El Salado,Las Higueras,235,Vegetación secundaria
2001,Glossophaga mutica,ANP El Salado,Las Higueras,235,Vegetación secundaria
2001,Artibeus lituratus,ANP El Salado,Las Higueras,235,Vegetación secundaria
2001,Artibeus lituratus,ANP El Salado,Las Higueras,235,Vegetación secundaria
2001,Artibeus lituratus,ANP El Salado,Las Higueras,235,Vegetación secundaria
2001,Dermanura phaeotis,ANP El Salado,Las Higueras,235,Vegetación secundaria
2001,Glossophaga mutica,ANP El Salado,Las Higueras,235,Vegetación secundaria
2001,Artibeus jamaicensis,ANP El Salado,Las Higueras,235,Vegetación secundaria
2001,Artibeus lituratus,ANP El Salado,Las Higueras,235,Vegetación secundaria
2001,Artibeus lituratus,ANP El Salado,Las Higueras,235,Vegetación secundaria
2001,Sturnira parvidens,ANP El Salado,Las Higueras,235,Vegetación secundaria
2001,Glossophaga mutica,ANP El Salado,Las Higueras,235,Vegetación secundaria
2001,Glossophaga mutica,ANP El Salado,Las Higueras,235,Vegetación secundaria
2001,Artibeus lituratus,ANP El Salado,Las Higueras,235,Vegetación secundaria
2001,Glossophaga mutica,ANP El Salado,Las Higueras,235,Vegetación secundaria
2001,Dermanura phaeotis,ANP El Salado,Las Higueras,235,Vegetación secundaria
2001,Glossophaga mutica,ANP El Salado,Las Higueras,235,Vegetación secundaria
2001,Glossophaga mutica,ANP El Salado,Las Higueras,235,Vegetación secundaria
2001,Glossophaga mutica,ANP El Salado,Las Higueras,235,Vegetación secundaria
2001,Artibeus lituratus,ANP El Salado,Las Higueras,235,Vegetación secundaria
2001,Artibeus lituratus,ANP El Salado,Las Higueras,235,Vegetación secundaria
2001,Artibeus lituratus,ANP El Salado,Las Higueras,235,Vegetación secundaria
2001,Artibeus jamaicensis,ANP El Salado,Las Higueras,235,Vegetación secundaria
2001,Artibeus jamaicensis,ANP El Salado,Las Higueras,235,Vegetación secundaria
2001,Artibeus lituratus,ANP El Salado,Las Higueras,235,Vegetación secundaria
2001,Dermanura phaeotis,ANP El Salado,Las Higueras,235,Vegetación secundaria
2001,Artibeus lituratus,ANP El Salado,Las Higueras,235,Vegetación secundaria
2001,Artibeus lituratus,ANP El Salado,Las Higueras,235,Vegetación secundaria
2001,Glossophaga mutica,ANP El Salado,Las Higueras,235,Vegetación secundaria
2001,Glossophaga mutica,ANP El Salado,Las Higueras,235,Vegetación secundaria
2001,Artibeus lituratus,ANP El Salado,Las Higueras,235,Vegetación secundaria
2001,Glossophaga mutica,ANP El Salado,Las Higueras,235,Vegetación secundaria
2001,Artibeus lituratus,ANP El Salado,Las Higueras,235,Vegetación secundaria
2001,Glossophaga mutica,ANP El Salado,Las Higueras,235,Vegetación secundaria
2001,Glossophaga mutica,ANP El Salado,Las Higueras,235,Vegetación secundaria
2001,Artibeus lituratus,ANP El Salado,Las Higueras,235,Vegetación secundaria
2001,Glossophaga mutica,ANP El Salado,Las Higueras,235,Vegetación secundaria
2001,Glossophaga mutica,ANP El Salado,Las Higueras,235,Vegetación secundaria
2001,Artibeus lituratus,ANP El Salado,Las Higueras,235,Vegetación secundaria
2001,Artibeus lituratus,ANP El Salado,Las Higueras,235,Vegetación secundaria
2001,Artibeus lituratus,ANP El Salado,Las Higueras,235,Vegetación secundaria
2001,Artibeus lituratus,ANP El Salado,Las Higueras,235,Vegetación secundaria
2001,Artibeus lituratus,ANP El Salado,Las Higueras,235,Vegetación secundaria
2001,Artibeus lituratus,ANP El Salado,Las Higueras,235,Vegetación secundaria
2001,Artibeus lituratus,ANP El Salado,Las Higueras,235,Vegetación secundaria
2001,Glossophaga mutica,ANP El Salado,Las Higueras,235,Vegetación secundaria
2001,Artibeus lituratus,ANP El Salado,Las Higueras,235,Vegetación secundaria
2001,Artibeus lituratus,ANP El Salado,Las Higueras,235,Vegetación secundaria
2001,Glossophaga mutica,ANP El Salado,Las Higueras,235,Vegetación secundaria
2001,Glossophaga mutica,ANP El Salado,Las Higueras,235,Vegetación secundaria
2001,Glossophaga mutica,ANP El Salado,Las Higueras,235,Vegetación secundaria
2001,Artibeus lituratus,ANP El Salado,Las Higueras,235,Vegetación secundaria
2001,Artibeus lituratus,ANP El Salado,El Vivero,350,bosque tropical subcaducifolio
2001,Artibeus lituratus,ANP El Salado,El Vivero,350,bosque tropical subcaducifolio
2001,Glossophaga mutica,ANP El Salado,El Vivero,350,bosque tropical subcaducifolio
2001,Artibeus lituratus,ANP El Salado,El Vivero,350,bosque tropical subcaducifolio
2001,Dermanura phaeotis,ANP El Salado,El Vivero,350,bosque tropical subcaducifolio
2001,Artibeus lituratus,ANP El Salado,El Vivero,350,bosque tropical subcaducifolio
2001,Artibeus lituratus,ANP El Salado,El Vivero,350,bosque tropical subcaducifolio
2001,Glossophaga mutica,ANP El Salado,El Vivero,350,bosque tropical subcaducifolio
2001,Artibeus lituratus,ANP El Salado,El Vivero,350,bosque tropical subcaducifolio
2001,Rhogeessa parvula,ANP El Salado,El Vivero,350,bosque tropical subcaducifolio
2001,Glossophaga mutica,ANP El Salado,El Vivero,350,bosque tropical subcaducifolio
2001,Artibeus lituratus,ANP El Salado,El Vivero,350,bosque tropical subcaducifolio
2001,Glossophaga mutica,ANP El Salado,El Vivero,350,bosque tropical subcaducifolio
2001,Artibeus lituratus,ANP El Salado,El Vivero,350,bosque tropical subcaducifolio
2001,Artibeus lituratus,ANP El Salado,El Vivero,350,bosque tropical subcaducifolio
2001,Artibeus lituratus,ANP El Salado,El Vivero,350,bosque tropical subcaducifolio
2001,Artibeus lituratus,ANP El Salado,El Vivero,350,bosque tropical subcaducifolio
2001,Artibeus jamaicensis,ANP El Salado,El Vivero,350,bosque tropical subcaducifolio
2001,Glossophaga mutica,ANP El Salado,El Vivero,350,bosque tropical subcaducifolio
2001,Glossophaga mutica,ANP El Salado,El Vivero,350,bosque tropical subcaducifolio
2001,Glossophaga mutica,ANP El Salado,El Vivero,350,bosque tropical subcaducifolio
2001,Glossophaga mutica,ANP El Salado,El Vivero,350,bosque tropical subcaducifolio
2001,Artibeus lituratus,ANP El Salado,El Vivero,350,bosque tropical subcaducifolio
2001,Glossophaga mutica,ANP El Salado,El Vivero,350,bosque tropical subcaducifolio
2001,Glossophaga mutica,ANP El Salado,El Vivero,350,bosque tropical subcaducifolio
2001,Artibeus lituratus,ANP El Salado,El Vivero,350,bosque tropical subcaducifolio
2001,Artibeus jamaicensis,ANP El Salado,El Vivero,350,bosque tropical subcaducifolio
2001,Artibeus lituratus,ANP El Salado,El Vivero,350,bosque tropical subcaducifolio
2001,Artibeus lituratus,ANP El Salado,El Vivero,350,bosque tropical subcaducifolio
2001,Artibeus lituratus,ANP El Salado,El Vivero,350,bosque tropical subcaducifolio
2001,Glossophaga mutica,ANP El Salado,El Vivero,350,bosque tropical subcaducifolio
2001,Artibeus lituratus,ANP El Salado,El Vivero,350,bosque tropical subcaducifolio
2001,Artibeus lituratus,ANP El Salado,El Vivero,350,bosque tropical subcaducifolio
2001,Glossophaga mutica,ANP El Salado,El Vivero,350,bosque tropical subcaducifolio
2001,Glossophaga mutica,ANP El Salado,El Vivero,350,bosque tropical subcaducifolio
2001,Artibeus lituratus,ANP El Salado,El Vivero,350,bosque tropical subcaducifolio
2001,Artibeus lituratus,ANP El Salado,El Vivero,350,bosque tropical subcaducifolio
2001,Glossophaga mutica,ANP El Salado,El Vivero,350,bosque tropical subcaducifolio
2001,Artibeus lituratus,ANP El Salado,El Vivero,350,bosque tropical subcaducifolio
2001,Glossophaga mutica,ANP El Salado,El Vivero,350,bosque tropical subcaducifolio
2001,Artibeus lituratus,ANP El Salado,El Vivero,350,bosque tropical subcaducifolio
2001,Artibeus lituratus,ANP El Salado,El Vivero,350,bosque tropical subcaducifolio
2001,Artibeus lituratus,ANP El Salado,El Vivero,350,bosque tropical subcaducifolio
2001,Artibeus lituratus,ANP El Salado,El Vivero,350,bosque tropical subcaducifolio
2001,Rhogeessa parvula,ANP El Salado,El Vivero,350,bosque tropical subcaducifolio
2001,Artibeus lituratus,ANP El Salado,El Vivero,350,bosque tropical subcaducifolio
2001,Dermanura phaeotis,ANP El Salado,Las Higueras,235,Vegetación secundaria
2001,Artibeus lituratus,ANP El Salado,Las Higueras,235,Vegetación secundaria
2001,Artibeus lituratus,ANP El Salado,Las Higueras,235,Vegetación secundaria
2001,Glossophaga mutica,ANP El Salado,Las Higueras,235,Vegetación secundaria
2001,Glossophaga mutica,ANP El Salado,Las Higueras,235,Vegetación secundaria
2001,Artibeus lituratus,ANP El Salado,Las Higueras,235,Vegetación secundaria
2001,Dermanura phaeotis,ANP El Salado,Las Higueras,235,Vegetación secundaria
2001,Artibeus jamaicensis,ANP El Salado,Las Higueras,235,Vegetación secundaria
2001,Glossophaga mutica,ANP El Salado,Las Higueras,235,Vegetación secundaria
2001,Artibeus jamaicensis,ANP El Salado,Las Higueras,235,Vegetación secundaria
2001,Dermanura phaeotis,ANP El Salado,Las Higueras,235,Vegetación secundaria
2001,Artibeus jamaicensis,ANP El Salado,Las Higueras,235,Vegetación secundaria
2001,Artibeus lituratus,ANP El Salado,Las Higueras,235,Vegetación secundaria
2001,Artibeus lituratus,ANP El Salado,Las Higueras,235,Vegetación secundaria
2001,Artibeus lituratus,ANP El Salado,Las Higueras,235,Vegetación secundaria
2001,Artibeus lituratus,ANP El Salado,Las Higueras,235,Vegetación secundaria
2001,Glossophaga mutica,ANP El Salado,Las Higueras,235,Vegetación secundaria
2001,Artibeus lituratus,ANP El Salado,Las Higueras,235,Vegetación secundaria
2001,Artibeus lituratus,ANP El Salado,Las Higueras,235,Vegetación secundaria
2001,Artibeus lituratus,ANP El Salado,Las Higueras,235,Vegetación secundaria
2001,Artibeus lituratus,ANP El Salado,Las Higueras,235,Vegetación secundaria
2001,Glossophaga mutica,ANP El Salado,Las Higueras,235,Vegetación secundaria
2001,Artibeus lituratus,ANP El Salado,Las Higueras,235,Vegetación secundaria
2001,Artibeus jamaicensis,ANP El Salado,Las Higueras,235,Vegetación secundaria
2001,Artibeus lituratus,ANP El Salado,Las Higueras,235,Vegetación secundaria
2001,Artibeus lituratus,ANP El Salado,Las Higueras,235,Vegetación secundaria
2001,Dermanura phaeotis,ANP El Salado,Las Higueras,235,Vegetación secundaria
2001,Artibeus lituratus,ANP El Salado,Las Higueras,235,Vegetación secundaria
2001,Artibeus lituratus,ANP El Salado,Las Higueras,235,Vegetación secundaria
2001,Artibeus lituratus,ANP El Salado,Las Higueras,235,Vegetación secundaria
2001,Artibeus lituratus,ANP El Salado,Las Higueras,235,Vegetación secundaria
2001,Artibeus lituratus,ANP El Salado,Las Higueras,235,Vegetación secundaria
2001,Artibeus lituratus,ANP El Salado,Las Higueras,235,Vegetación secundaria
2001,Artibeus lituratus,ANP El Salado,Las Higueras,235,Vegetación secundaria
2001,Artibeus jamaicensis,ANP El Salado,Las Higueras,235,Vegetación secundaria
2001,Artibeus jamaicensis,ANP El Salado,Las Higueras,235,Vegetación secundaria
2001,Artibeus lituratus,ANP El Salado,Las Higueras,235,Vegetación secundaria
2001,Artibeus lituratus,ANP El Salado,Las Higueras,235,Vegetación secundaria
2001,Artibeus lituratus,ANP El Salado,Las Higueras,235,Vegetación secundaria
2001,Artibeus lituratus,ANP El Salado,Las Higueras,235,Vegetación secundaria
2001,Artibeus lituratus,ANP El Salado,Las Higueras,235,Vegetación secundaria
2001,Artibeus lituratus,ANP El Salado,Las Higueras,235,Vegetación secundaria
2001,Glossophaga mutica,ANP El Salado,El Vivero,350,bosque tropical subcaducifolio
2001,Artibeus lituratus,ANP El Salado,El Vivero,350,bosque tropical subcaducifolio
2001,Glossophaga mutica,ANP El Salado,El Vivero,350,bosque tropical subcaducifolio
2001,Leptonycteris yerbabuenae,ANP El Salado,El Vivero,350,bosque tropical subcaducifolio
2001,Artibeus lituratus,ANP El Salado,El Vivero,350,bosque tropical subcaducifolio
2001,Artibeus lituratus,ANP El Salado,El Vivero,350,bosque tropical subcaducifolio
2001,Glossophaga mutica,ANP El Salado,El Vivero,350,bosque tropical subcaducifolio
2001,Glossophaga mutica,ANP El Salado,El Vivero,350,bosque tropical subcaducifolio
2001,Artibeus lituratus,ANP El Salado,El Vivero,350,bosque tropical subcaducifolio
2001,Artibeus lituratus,ANP El Salado,El Vivero,350,bosque tropical subcaducifolio
2001,Artibeus lituratus,ANP El Salado,El Vivero,350,bosque tropical subcaducifolio
2001,Dermanura phaeotis,ANP El Salado,El Vivero,350,bosque tropical subcaducifolio
2001,Glossophaga mutica,ANP El Salado,El Vivero,350,bosque tropical subcaducifolio
2001,Myotis californicus,ANP La Primavera,Cerritos Colorados,1358,Bosque de pino
2001,Tadarida brasiliensis,ANP La Primavera,Cerritos Colorados,1358,Bosque de pino
2001,Nyctinomops femorosaccus,ANP La Primavera,Cerritos Colorados,1358,Bosque de pino
2001,Myotis californicus,ANP La Primavera,Cerritos Colorados,1358,Bosque de pino
2001,Myotis californicus,ANP La Primavera,Cerritos Colorados,1358,Bosque de pino
2001,Tadarida brasiliensis,ANP La Primavera,Cerritos Colorados,1358,Bosque de pino
2001,Eptesicus fuscus,ANP La Primavera,Cerritos Colorados,1358,Bosque de pino
2001,Eptesicus fuscus,ANP La Primavera,Cerritos Colorados,1358,Bosque de pino
2001,Nyctinomops femorosaccus,ANP La Primavera,Cerritos Colorados,1358,Bosque de pino
2001,Eptesicus fuscus,ANP La Primavera,Cerritos Colorados,1358,Bosque de pino
2001,Eptesicus fuscus,ANP La Primavera,Cerritos Colorados,1358,Bosque de pino
2001,Myotis californicus,ANP La Primavera,Cerritos Colorados,1358,Bosque de pino
2001,Eptesicus fuscus,ANP La Primavera,Cerritos Colorados,1358,Bosque de pino
2001,Eptesicus fuscus,ANP La Primavera,Cerritos Colorados,1358,Bosque de pino
2001,Tadarida brasiliensis,ANP La Primavera,Cerritos Colorados,1358,Bosque de pino
2001,Lasiurus frantzii,ANP La Primavera,Cerritos Colorados,1358,Bosque de pino
2001,Nyctinomops femorosaccus,ANP La Primavera,Cerritos Colorados,1358,Bosque de pino
2001,Tadarida brasiliensis,ANP La Primavera,Cerritos Colorados,1358,Bosque de pino
2001,Myotis californicus,ANP La Primavera,Cerritos Colorados,1358,Bosque de pino
2001,Lasiurus cinereus,ANP La Primavera,Cerritos Colorados,1358,Bosque de pino
2001,Lasiurus cinereus,ANP La Primavera,Los Guayabos,850,Riparia y encino
2001,Sturnira parvidens,ANP La Primavera,Los Guayabos,850,Riparia y encino
2001,Sturnira parvidens,ANP La Primavera,Los Guayabos,850,Riparia y encino
2001,Artibeus jamaicensis,ANP La Primavera,Los Guayabos,850,Riparia y encino
2001,Sturnira parvidens,ANP La Primavera,Los Guayabos,850,Riparia y encino
2001,Tadarida brasiliensis,ANP La Primavera,Cerritos Colorados,1358,Bosque de pino
2001,Myotis californicus,ANP La Primavera,Cerritos Colorados,1358,Bosque de pino
2001,Tadarida brasiliensis,ANP La Primavera,Cerritos Colorados,1358,Bosque de pino
2001,Nyctinomops femorosaccus,ANP La Primavera,Cerritos Colorados,1358,Bosque de pino
2001,Myotis californicus,ANP La Primavera,Cerritos Colorados,1358,Bosque de pino
2001,Tadarida brasiliensis,ANP La Primavera,Cerritos Colorados,1358,Bosque de pino
2001,Myotis californicus,ANP La Primavera,Cerritos Colorados,1358,Bosque de pino
2001,Lasiurus cinereus,ANP La Primavera,Los Guayabos,850,Riparia y encino
2001,Sturnira parvidens,ANP La Primavera,Los Guayabos,850,Riparia y encino
2001,Sturnira parvidens,ANP La Primavera,Los Guayabos,850,Riparia y encino
2001,Sturnira parvidens,ANP La Primavera,Los Guayabos,850,Riparia y encino
2001,Sturnira parvidens,ANP La Primavera,Los Guayabos,850,Riparia y encino
2001,Lasiurus cinereus,ANP La Primavera,Cerritos Colorados,1358,Bosque de pino
2001,Myotis californicus,ANP La Primavera,Cerritos Colorados,1358,Bosque de pino
2001,Myotis californicus,ANP La Primavera,Cerritos Colorados,1358,Bosque de pino
2001,Myotis californicus,ANP La Primavera,Cerritos Colorados,1358,Bosque de pino
2001,Myotis californicus,ANP La Primavera,Cerritos Colorados,1358,Bosque de pino
2001,Lasiurus cinereus,ANP La Primavera,Cerritos Colorados,1358,Bosque de pino
2001,Myotis californicus,ANP La Primavera,Cerritos Colorados,1358,Bosque de pino
2001,Myotis californicus,ANP La Primavera,Cerritos Colorados,1358,Bosque de pino
2001,Myotis californicus,ANP La Primavera,Cerritos Colorados,1358,Bosque de pino
2001,Myotis californicus,ANP La Primavera,Cerritos Colorados,1358,Bosque de pino
2001,Myotis californicus,ANP La Primavera,Cerritos Colorados,1358,Bosque de pino
2001,Myotis californicus,ANP La Primavera,Cerritos Colorados,1358,Bosque de pino
2001,Myotis californicus,ANP La Primavera,Cerritos Colorados,1358,Bosque de pino
2001,Myotis californicus,ANP La Primavera,Cerritos Colorados,1358,Bosque de pino
2001,Myotis californicus,ANP La Primavera,Cerritos Colorados,1358,Bosque de pino
2001,Myotis californicus,ANP La Primavera,Cerritos Colorados,1358,Bosque de pino
2001,Sturnira parvidens,ANP La Primavera,Los Guayabos,850,Riparia y encino
2001,Macrotus waterhousii,ANP La Primavera,Los Guayabos,850,Riparia y encino
2001,Artibeus jamaicensis,ANP La Primavera,Los Guayabos,850,Riparia y encino
2001,Dermanura tolteca,ANP La Primavera,Los Guayabos,850,Riparia y encino
2001,Tadarida brasiliensis,ANP La Primavera,Los Guayabos,850,Riparia y encino
2001,Eptesicus fuscus,ANP La Primavera,Los Guayabos,850,Riparia y encino
2001,Artibeus hirsutus,ANP La Primavera,Los Guayabos,850,Riparia y encino
2001,Eptesicus fuscus,ANP La Primavera,Los Guayabos,850,Riparia y encino
2001,Eptesicus fuscus,ANP La Primavera,Los Guayabos,850,Riparia y encino
2001,Eptesicus fuscus,ANP La Primavera,Los Guayabos,850,Riparia y encino
2001,Eptesicus fuscus,ANP La Primavera,Los Guayabos,850,Riparia y encino
2001,Artibeus hirsutus,ANP La Primavera,Los Guayabos,850,Riparia y encino
2001,Eptesicus fuscus,ANP La Primavera,Los Guayabos,850,Riparia y encino
2001,Artibeus jamaicensis,ANP La Primavera,Los Guayabos,850,Riparia y encino
2001,Dermanura tolteca,ANP La Primavera,Los Guayabos,850,Riparia y encino
2001,Tadarida brasiliensis,ANP La Primavera,Cerritos Colorados,1358,Bosque de pino
2001,Myotis californicus,ANP La Primavera,Cerritos Colorados,1358,Bosque de pino
2001,Tadarida brasiliensis,ANP La Primavera,Cerritos Colorados,1358,Bosque de pino
2001,Myotis californicus,ANP La Primavera,Cerritos Colorados,1358,Bosque de pino
2001,Myotis californicus,ANP La Primavera,Cerritos Colorados,1358,Bosque de pino
2001,Tadarida brasiliensis,ANP La Primavera,Cerritos Colorados,1358,Bosque de pino
2001,Tadarida brasiliensis,ANP La Primavera,Cerritos Colorados,1358,Bosque de pino
2001,Macrotus waterhousii,ANP La Primavera,Cerritos Colorados,1358,Bosque de pino
2001,Macrotus waterhousii,ANP La Primavera,Cerritos Colorados,1358,Bosque de pino
2001,Myotis californicus,ANP La Primavera,Cerritos Colorados,1358,Bosque de pino
2001,Myotis californicus,ANP La Primavera,Cerritos Colorados,1358,Bosque de pino
2001,Tadarida brasiliensis,ANP La Primavera,Cerritos Colorados,1358,Bosque de pino
2001,Tadarida brasiliensis,ANP La Primavera,Cerritos Colorados,1358,Bosque de pino
2001,Lasiurus frantzii,ANP La Primavera,Cerritos Colorados,1358,Bosque de pino
2001,Eptesicus fuscus,ANP La Primavera,Cerritos Colorados,1358,Bosque de pino
2001,Lasiurus cinereus,ANP La Primavera,Cerritos Colorados,1358,Bosque de pino
2001,Macrotus waterhousii,ANP La Primavera,Cerritos Colorados,1358,Bosque de pino
2001,Macrotus waterhousii,ANP La Primavera,Cerritos Colorados,1358,Bosque de pino
2001,Sturnira parvidens,ANP La Primavera,Los Guayabos,850,Riparia y encino
2001,Artibeus hirsutus,ANP La Primavera,Los Guayabos,850,Riparia y encino
2001,Sturnira parvidens,ANP La Primavera,Los Guayabos,850,Riparia y encino
2001,Sturnira parvidens,ANP La Primavera,Los Guayabos,850,Riparia y encino
2001,Macrotus waterhousii,ANP La Primavera,Los Guayabos,850,Riparia y encino
2001,Eptesicus fuscus,ANP La Primavera,Los Guayabos,850,Riparia y encino
2001,Sturnira parvidens,ANP La Primavera,Los Guayabos,850,Riparia y encino
2001,Macrotus waterhousii,ANP La Primavera,Los Guayabos,850,Riparia y encino
2001,Eptesicus fuscus,ANP La Primavera,Los Guayabos,850,Riparia y encino
2001,Tadarida brasiliensis,ANP La Primavera,Los Guayabos,850,Riparia y encino
2001,Sturnira parvidens,ANP La Primavera,Los Guayabos,850,Riparia y encino
2001,Eptesicus fuscus,ANP La Primavera,Los Guayabos,850,Riparia y encino
2001,Dermanura tolteca,ANP La Primavera,Los Guayabos,850,Riparia y encino
2001,Macrotus waterhousii,ANP La Primavera,Los Guayabos,850,Riparia y encino
2001,Sturnira parvidens,ANP La Primavera,Los Guayabos,850,Riparia y encino
2001,Eptesicus fuscus,ANP La Primavera,Los Guayabos,850,Riparia y encino
2001,Artibeus jamaicensis,ANP La Primavera,Los Guayabos,850,Riparia y encino
2001,Lasiurus frantzii,ANP La Primavera,Cerritos Colorados,1358,Bosque de pino
2001,Macrotus waterhousii,ANP La Primavera,Cerritos Colorados,1358,Bosque de pino
2001,Myotis californicus,ANP La Primavera,Cerritos Colorados,1358,Bosque de pino
2001,Sturnira parvidens,ANP La Primavera,Cerritos Colorados,1358,Bosque de pino
2001,Sturnira parvidens,ANP La Primavera,Cerritos Colorados,1358,Bosque de pino
2001,Macrotus waterhousii,ANP La Primavera,Cerritos Colorados,1358,Bosque de pino
2001,Sturnira parvidens,ANP La Primavera,Cerritos Colorados,1358,Bosque de pino
2001,Macrotus waterhousii,ANP La Primavera,Cerritos Colorados,1358,Bosque de pino
2001,Macrotus waterhousii,ANP La Primavera,Cerritos Colorados,1358,Bosque de pino
2001,Macrotus waterhousii,ANP La Primavera,Cerritos Colorados,1358,Bosque de pino
2001,Macrotus waterhousii,ANP La Primavera,Cerritos Colorados,1358,Bosque de pino
2001,Macrotus waterhousii,ANP La Primavera,Cerritos Colorados,1358,Bosque de pino
2001,Tadarida brasiliensis,ANP La Primavera,Cerritos Colorados,1358,Bosque de pino
2001,Tadarida brasiliensis,ANP La Primavera,Cerritos Colorados,1358,Bosque de pino
2001,Macrotus waterhousii,ANP La Primavera,Cerritos Colorados,1358,Bosque de pino
2001,Macrotus waterhousii,ANP La Primavera,Cerritos Colorados,1358,Bosque de pino
2001,Sturnira parvidens,ANP La Primavera,Cerritos Colorados,1358,Bosque de pino
2001,Lasiurus frantzii,ANP La Primavera,Cerritos Colorados,1358,Bosque de pino
2001,Myotis californicus,ANP La Primavera,Cerritos Colorados,1358,Bosque de pino
2001,Sturnira parvidens,ANP La Primavera,Cerritos Colorados,1358,Bosque de pino
2001,Myotis californicus,ANP La Primavera,Cerritos Colorados,1358,Bosque de pino
2001,Macrotus waterhousii,ANP La Primavera,Cerritos Colorados,1358,Bosque de pino
2001,Macrotus waterhousii,ANP La Primavera,Cerritos Colorados,1358,Bosque de pino
2001,Sturnira parvidens,ANP La Primavera,Cerritos Colorados,1358,Bosque de pino
2001,Macrotus waterhousii,ANP La Primavera,Cerritos Colorados,1358,Bosque de pino
2001,Myotis californicus,ANP La Primavera,Cerritos Colorados,1358,Bosque de pino
2001,Tadarida brasiliensis,ANP La Primavera,Cerritos Colorados,1358,Bosque de pino
2001,Macrotus waterhousii,ANP La Primavera,Cerritos Colorados,1358,Bosque de pino
2001,Tadarida brasiliensis,ANP La Primavera,Cerritos Colorados,1358,Bosque de pino
2001,Tadarida brasiliensis,ANP La Primavera,Cerritos Colorados,1358,Bosque de pino
2001,Sturnira parvidens,ANP La Primavera,Los Guayabos,850,Riparia y encino
2001,Sturnira parvidens,ANP La Primavera,Los Guayabos,850,Riparia y encino
2001,Sturnira parvidens,ANP La Primavera,Los Guayabos,850,Riparia y encino
2001,Eptesicus fuscus,ANP La Primavera,Los Guayabos,850,Riparia y encino
2001,Artibeus jamaicensis,ANP La Primavera,Los Guayabos,850,Riparia y encino
2001,Sturnira parvidens,ANP La Primavera,Los Guayabos,850,Riparia y encino
2001,Eptesicus fuscus,ANP La Primavera,Los Guayabos,850,Riparia y encino
2001,Artibeus jamaicensis,ANP La Primavera,Los Guayabos,850,Riparia y encino
2001,Artibeus jamaicensis,ANP La Primavera,Los Guayabos,850,Riparia y encino
2001,Macrotus waterhousii,ANP La Primavera,Los Guayabos,850,Riparia y encino
2001,Artibeus jamaicensis,ANP La Primavera,Los Guayabos,850,Riparia y encino
2001,Sturnira parvidens,ANP La Primavera,Los Guayabos,850,Riparia y encino
2001,Sturnira parvidens,ANP La Primavera,Los Guayabos,850,Riparia y encino
2001,Artibeus jamaicensis,ANP La Primavera,Los Guayabos,850,Riparia y encino
2001,Artibeus jamaicensis,ANP La Primavera,Los Guayabos,850,Riparia y encino
2001,Macrotus waterhousii,ANP La Primavera,Cerritos Colorados,1358,Bosque de pino
2001,Macrotus waterhousii,ANP La Primavera,Cerritos Colorados,1358,Bosque de pino
2001,Macrotus waterhousii,ANP La Primavera,Cerritos Colorados,1358,Bosque de pino
2001,Macrotus waterhousii,ANP La Primavera,Cerritos Colorados,1358,Bosque de pino
2001,Eptesicus fuscus,ANP La Primavera,Cerritos Colorados,1358,Bosque de pino
2001,Eptesicus fuscus,ANP La Primavera,Cerritos Colorados,1358,Bosque de pino
2001,Macrotus waterhousii,ANP La Primavera,Cerritos Colorados,1358,Bosque de pino
2001,Macrotus waterhousii,ANP La Primavera,Cerritos Colorados,1358,Bosque de pino
2001,Macrotus waterhousii,ANP La Primavera,Cerritos Colorados,1358,Bosque de pino
2001,Myotis velifer,ANP La Primavera,Cerritos Colorados,1358,Bosque de pino
2001,Eptesicus fuscus,ANP La Primavera,Cerritos Colorados,1358,Bosque de pino
2001,Eptesicus fuscus,ANP La Primavera,Cerritos Colorados,1358,Bosque de pino
2001,Artibeus jamaicensis,ANP La Primavera,Los Guayabos,850,Riparia y encino
2001,Artibeus hirsutus,ANP La Primavera,Los Guayabos,850,Riparia y encino
2001,Artibeus hirsutus,ANP La Primavera,Los Guayabos,850,Riparia y encino
2001,Artibeus jamaicensis,ANP La Primavera,Los Guayabos,850,Riparia y encino
2001,Artibeus hirsutus,ANP La Primavera,Los Guayabos,850,Riparia y encino
2001,Artibeus jamaicensis,ANP La Primavera,Los Guayabos,850,Riparia y encino
2001,Artibeus hirsutus,ANP La Primavera,Los Guayabos,850,Riparia y encino
2001,Artibeus jamaicensis,ANP La Primavera,Los Guayabos,850,Riparia y encino
2001,Dermanura tolteca,ANP La Primavera,Los Guayabos,850,Riparia y encino
2001,Artibeus hirsutus,ANP La Primavera,Los Guayabos,850,Riparia y encino
2001,Artibeus jamaicensis,ANP La Primavera,Los Guayabos,850,Riparia y encino
2001,Artibeus jamaicensis,ANP La Primavera,Los Guayabos,850,Riparia y encino
2001,Artibeus jamaicensis,ANP La Primavera,Los Guayabos,850,Riparia y encino
2001,Artibeus jamaicensis,ANP La Primavera,Los Guayabos,850,Riparia y encino
2001,Dermanura tolteca,ANP La Primavera,Los Guayabos,850,Riparia y encino
2001,Artibeus jamaicensis,ANP La Primavera,Los Guayabos,850,Riparia y encino
2001,Dermanura tolteca,ANP La Primavera,Los Guayabos,850,Riparia y encino
2001,Artibeus jamaicensis,ANP La Primavera,Los Guayabos,850,Riparia y encino
2001,Artibeus hirsutus,ANP La Primavera,Los Guayabos,850,Riparia y encino
2001,Sturnira parvidens,ANP La Primavera,Los Guayabos,850,Riparia y encino
2001,Artibeus jamaicensis,ANP La Primavera,Los Guayabos,850,Riparia y encino
2001,Artibeus jamaicensis,ANP La Primavera,Los Guayabos,850,Riparia y encino
2001,Artibeus jamaicensis,ANP La Primavera,Los Guayabos,850,Riparia y encino
2001,Dermanura tolteca,ANP La Primavera,Los Guayabos,850,Riparia y encino
2001,Artibeus jamaicensis,ANP La Primavera,Los Guayabos,850,Riparia y encino
2001,Artibeus hirsutus,ANP La Primavera,Los Guayabos,850,Riparia y encino
2001,Dermanura tolteca,ANP La Primavera,Los Guayabos,850,Riparia y encino
2001,Artibeus hirsutus,ANP La Primavera,Los Guayabos,850,Riparia y encino
2001,Artibeus jamaicensis,ANP La Primavera,Los Guayabos,850,Riparia y encino
2001,Artibeus hirsutus,ANP La Primavera,Los Guayabos,850,Riparia y encino
2001,Artibeus jamaicensis,ANP La Primavera,Los Guayabos,850,Riparia y encino
2001,Artibeus jamaicensis,ANP La Primavera,Los Guayabos,850,Riparia y encino
2001,Dermanura tolteca,ANP La Primavera,Los Guayabos,850,Riparia y encino
2001,Artibeus jamaicensis,ANP La Primavera,Los Guayabos,850,Riparia y encino
2001,Artibeus jamaicensis,ANP La Primavera,Los Guayabos,850,Riparia y encino
2001,Artibeus jamaicensis,ANP La Primavera,Los Guayabos,850,Riparia y encino
2001,Artibeus jamaicensis,ANP La Primavera,Los Guayabos,850,Riparia y encino
2001,Artibeus jamaicensis,ANP La Primavera,Los Guayabos,850,Riparia y encino
2001,Artibeus jamaicensis,ANP La Primavera,Los Guayabos,850,Riparia y encino
2001,Artibeus jamaicensis,ANP La Primavera,Los Guayabos,850,Riparia y encino
2001,Dermanura tolteca,ANP La Primavera,Los Guayabos,850,Riparia y encino
2001,Artibeus jamaicensis,ANP La Primavera,Los Guayabos,850,Riparia y encino
2001,Artibeus jamaicensis,ANP La Primavera,Los Guayabos,850,Riparia y encino
2001,Dermanura tolteca,ANP La Primavera,Los Guayabos,850,Riparia y encino
2001,Macrotus waterhousii,ANP La Primavera,Cerritos Colorados,1358,Bosque de pino
2001,Sturnira parvidens,ANP La Primavera,Los Guayabos,850,Riparia y encino
2001,Eptesicus fuscus,ANP La Primavera,Los Guayabos,850,Riparia y encino
2001,Sturnira parvidens,ANP La Primavera,Los Guayabos,850,Riparia y encino
2001,Sturnira parvidens,ANP La Primavera,Los Guayabos,850,Riparia y encino
2001,Sturnira parvidens,ANP La Primavera,Los Guayabos,850,Riparia y encino
2001,Artibeus lituratus,ANP El Salado,Las Higueras,235,Vegetación secundaria
2001,Rhogeessa parvula,ANP El Salado,Las Higueras,235,Vegetación secundaria
2001,Artibeus lituratus,ANP El Salado,Las Higueras,235,Vegetación secundaria
2001,Glossophaga mutica,ANP El Salado,Las Higueras,235,Vegetación secundaria
2001,Artibeus lituratus,ANP El Salado,Las Higueras,235,Vegetación secundaria
2001,Artibeus lituratus,ANP El Salado,Las Higueras,235,Vegetación secundaria
2001,Artibeus jamaicensis,ANP El Salado,Las Higueras,235,Vegetación secundaria
2001,Artibeus lituratus,ANP El Salado,Las Higueras,235,Vegetación secundaria
2001,Artibeus jamaicensis,ANP El Salado,Las Higueras,235,Vegetación secundaria
2001,Artibeus jamaicensis,ANP El Salado,Las Higueras,235,Vegetación secundaria
2001,Artibeus jamaicensis,ANP El Salado,Las Higueras,235,Vegetación secundaria
2001,Artibeus lituratus,ANP El Salado,Las Higueras,235,Vegetación secundaria
2001,Artibeus lituratus,ANP El Salado,Las Higueras,235,Vegetación secundaria
2001,Artibeus jamaicensis,ANP El Salado,Las Higueras,235,Vegetación secundaria
2001,Artibeus jamaicensis,ANP El Salado,Las Higueras,235,Vegetación secundaria
2001,Artibeus lituratus,ANP El Salado,Las Higueras,235,Vegetación secundaria
2001,Artibeus jamaicensis,ANP El Salado,Las Higueras,235,Vegetación secundaria
2001,Artibeus lituratus,ANP El Salado,Las Higueras,235,Vegetación secundaria
2001,Artibeus lituratus,ANP El Salado,Las Higueras,235,Vegetación secundaria
2001,Artibeus jamaicensis,ANP El Salado,Las Higueras,235,Vegetación secundaria
2001,Glossophaga mutica,ANP El Salado,Las Higueras,235,Vegetación secundaria
2001,Glossophaga mutica,ANP El Salado,Las Higueras,235,Vegetación secundaria
2001,Artibeus jamaicensis,ANP El Salado,Las Higueras,235,Vegetación secundaria
2001,Artibeus jamaicensis,ANP El Salado,Las Higueras,235,Vegetación secundaria
2001,Artibeus lituratus,ANP El Salado,Las Higueras,235,Vegetación secundaria
2001,Artibeus jamaicensis,ANP El Salado,Las Higueras,235,Vegetación secundaria
2001,Artibeus jamaicensis,ANP El Salado,Las Higueras,235,Vegetación secundaria
2001,Artibeus jamaicensis,ANP El Salado,Las Higueras,235,Vegetación secundaria
2001,Dermanura phaeotis,ANP El Salado,Las Higueras,235,Vegetación secundaria
2001,Artibeus jamaicensis,ANP El Salado,Las Higueras,235,Vegetación secundaria
2001,Artibeus lituratus,ANP El Salado,Las Higueras,235,Vegetación secundaria
2001,Artibeus lituratus,ANP El Salado,Las Higueras,235,Vegetación secundaria
2001,Artibeus lituratus,ANP El Salado,Las Higueras,235,Vegetación secundaria
2001,Artibeus jamaicensis,ANP El Salado,Las Higueras,235,Vegetación secundaria
2001,Artibeus jamaicensis,ANP El Salado,Las Higueras,235,Vegetación secundaria
2001,Dermanura phaeotis,ANP El Salado,Las Higueras,235,Vegetación secundaria
2001,Artibeus jamaicensis,ANP El Salado,Las Higueras,235,Vegetación secundaria
2001,Artibeus lituratus,ANP El Salado,El Vivero,350,bosque tropical subcaducifolio
2001,Artibeus lituratus,ANP El Salado,El Vivero,350,bosque tropical subcaducifolio
2001,Artibeus lituratus,ANP El Salado,El Vivero,350,bosque tropical subcaducifolio
2001,Artibeus lituratus,ANP El Salado,El Vivero,350,bosque tropical subcaducifolio
2001,Artibeus lituratus,ANP El Salado,El Vivero,350,bosque tropical subcaducifolio
2001,Artibeus lituratus,ANP El Salado,El Vivero,350,bosque tropical subcaducifolio
2001,Artibeus lituratus,ANP El Salado,El Vivero,350,bosque tropical subcaducifolio
2001,Artibeus lituratus,ANP El Salado,El Vivero,350,bosque tropical subcaducifolio
2001,Artibeus jamaicensis,ANP El Salado,El Vivero,350,bosque tropical subcaducifolio
2001,Artibeus lituratus,ANP El Salado,El Vivero,350,bosque tropical subcaducifolio
2001,Artibeus lituratus,ANP El Salado,El Vivero,350,bosque tropical subcaducifolio
2001,Artibeus jamaicensis,ANP El Salado,El Vivero,350,bosque tropical subcaducifolio
2001,Artibeus jamaicensis,ANP El Salado,El Vivero,350,bosque tropical subcaducifolio
2001,Artibeus lituratus,ANP El Salado,El Vivero,350,bosque tropical subcaducifolio
2001,Artibeus lituratus,ANP El Salado,El Vivero,350,bosque tropical subcaducifolio
2001,Glossophaga mutica,ANP El Salado,El Vivero,350,bosque tropical subcaducifolio
2001,Artibeus jamaicensis,ANP El Salado,El Vivero,350,bosque tropical subcaducifolio
2001,Artibeus jamaicensis,ANP El Salado,El Vivero,350,bosque tropical subcaducifolio
2001,Artibeus jamaicensis,ANP El Salado,El Vivero,350,bosque tropical subcaducifolio
2001,Artibeus jamaicensis,ANP El Salado,El Vivero,350,bosque tropical subcaducifolio
2001,Artibeus jamaicensis,ANP El Salado,El Vivero,350,bosque tropical subcaducifolio
2001,Glossophaga mutica,ANP El Salado,El Vivero,350,bosque tropical subcaducifolio
2001,Artibeus jamaicensis,ANP El Salado,El Vivero,350,bosque tropical subcaducifolio
2001,Artibeus lituratus,ANP El Salado,El Vivero,350,bosque tropical subcaducifolio
2001,Artibeus jamaicensis,ANP El Salado,El Vivero,350,bosque tropical subcaducifolio
2001,Artibeus jamaicensis,ANP El Salado,El Vivero,350,bosque tropical subcaducifolio
2001,Artibeus jamaicensis,ANP El Salado,El Vivero,350,bosque tropical subcaducifolio
2001,Artibeus jamaicensis,ANP El Salado,El Vivero,350,bosque tropical subcaducifolio
2001,Artibeus jamaicensis,ANP El Salado,El Vivero,350,bosque tropical subcaducifolio
2001,Artibeus jamaicensis,ANP El Salado,El Vivero,350,bosque tropical subcaducifolio
2001,Artibeus lituratus,ANP El Salado,El Vivero,350,bosque tropical subcaducifolio
2001,Artibeus jamaicensis,ANP El Salado,El Vivero,350,bosque tropical subcaducifolio
2001,Artibeus jamaicensis,ANP El Salado,El Vivero,350,bosque tropical subcaducifolio
2001,Glossophaga mutica,ANP El Salado,El Vivero,350,bosque tropical subcaducifolio
2001,Artibeus lituratus,ANP El Salado,El Vivero,350,bosque tropical subcaducifolio
2001,Artibeus jamaicensis,ANP El Salado,El Vivero,350,bosque tropical subcaducifolio
2001,Artibeus lituratus,ANP El Salado,El Vivero,350,bosque tropical subcaducifolio
2001,Artibeus lituratus,ANP El Salado,El Vivero,350,bosque tropical subcaducifolio
2001,Artibeus jamaicensis,ANP El Salado,El Vivero,350,bosque tropical subcaducifolio
2001,Artibeus lituratus,ANP El Salado,El Vivero,350,bosque tropical subcaducifolio
2001,Glossophaga mutica,ANP El Salado,El Vivero,350,bosque tropical subcaducifolio
2001,Artibeus jamaicensis,ANP El Salado,El Vivero,350,bosque tropical subcaducifolio
2001,Artibeus jamaicensis,ANP El Salado,El Vivero,350,bosque tropical subcaducifolio
2001,Artibeus lituratus,ANP El Salado,El Vivero,350,bosque tropical subcaducifolio
2001,Artibeus lituratus,ANP El Salado,El Vivero,350,bosque tropical subcaducifolio
2001,Artibeus jamaicensis,ANP El Salado,El Vivero,350,bosque tropical subcaducifolio
2001,Artibeus jamaicensis,ANP El Salado,El Vivero,350,bosque tropical subcaducifolio
2001,Artibeus jamaicensis,ANP El Salado,El Vivero,350,bosque tropical subcaducifolio
2001,Artibeus lituratus,ANP El Salado,El Vivero,350,bosque tropical subcaducifolio
2001,Artibeus jamaicensis,ANP El Salado,El Vivero,350,bosque tropical subcaducifolio
2001,Artibeus lituratus,ANP El Salado,El Vivero,350,bosque tropical subcaducifolio
2001,Artibeus jamaicensis,ANP El Salado,El Vivero,350,bosque tropical subcaducifolio
2001,Artibeus lituratus,ANP El Salado,El Vivero,350,bosque tropical subcaducifolio
2001,Artibeus lituratus,ANP El Salado,El Vivero,350,bosque tropical subcaducifolio
2001,Artibeus lituratus,ANP El Salado,El Vivero,350,bosque tropical subcaducifolio
2001,Artibeus jamaicensis,ANP El Salado,El Vivero,350,bosque tropical subcaducifolio
2001,Artibeus lituratus,ANP El Salado,El Vivero,350,bosque tropical subcaducifolio
2001,Artibeus lituratus,ANP El Salado,El Vivero,350,bosque tropical subcaducifolio
2001,Artibeus jamaicensis,ANP El Salado,El Vivero,350,bosque tropical subcaducifolio
2001,Artibeus lituratus,ANP El Salado,El Vivero,350,bosque tropical subcaducifolio
2001,Artibeus lituratus,ANP El Salado,El Vivero,350,bosque tropical subcaducifolio
2001,Artibeus lituratus,ANP El Salado,El Vivero,350,bosque tropical subcaducifolio
2001,Artibeus lituratus,ANP El Salado,El Vivero,350,bosque tropical subcaducifolio
2001,Artibeus jamaicensis,ANP El Salado,El Vivero,350,bosque tropical subcaducifolio
2001,Artibeus jamaicensis,ANP El Salado,El Vivero,350,bosque tropical subcaducifolio
2001,Artibeus lituratus,ANP El Salado,El Vivero,350,bosque tropical subcaducifolio
2001,Artibeus lituratus,ANP El Salado,El Vivero,350,bosque tropical subcaducifolio
2001,Artibeus jamaicensis,ANP El Salado,El Vivero,350,bosque tropical subcaducifolio
2001,Artibeus jamaicensis,ANP El Salado,El Vivero,350,bosque tropical subcaducifolio
2001,Artibeus jamaicensis,ANP El Salado,El Vivero,350,bosque tropical subcaducifolio
2001,Artibeus jamaicensis,ANP El Salado,El Vivero,350,bosque tropical subcaducifolio
2001,Artibeus jamaicensis,ANP El Salado,El Vivero,350,bosque tropical subcaducifolio
2001,Artibeus jamaicensis,ANP El Salado,El Vivero,350,bosque tropical subcaducifolio
2001,Artibeus lituratus,ANP El Salado,El Vivero,350,bosque tropical subcaducifolio
2001,Artibeus jamaicensis,ANP El Salado,El Vivero,350,bosque tropical subcaducifolio
2001,Artibeus lituratus,ANP El Salado,El Vivero,350,bosque tropical subcaducifolio
2001,Artibeus jamaicensis,ANP El Salado,El Vivero,350,bosque tropical subcaducifolio
2001,Artibeus jamaicensis,ANP El Salado,El Vivero,350,bosque tropical subcaducifolio
2001,Artibeus jamaicensis,ANP El Salado,El Vivero,350,bosque tropical subcaducifolio
2001,Artibeus lituratus,ANP El Salado,El Vivero,350,bosque tropical subcaducifolio
2001,Artibeus lituratus,ANP El Salado,El Vivero,350,bosque tropical subcaducifolio
2001,Artibeus lituratus,ANP El Salado,El Vivero,350,bosque tropical subcaducifolio
2001,Artibeus lituratus,ANP El Salado,El Vivero,350,bosque tropical subcaducifolio
2001,Artibeus jamaicensis,ANP El Salado,El Vivero,350,bosque tropical subcaducifolio
2001,Artibeus jamaicensis,ANP El Salado,El Vivero,350,bosque tropical subcaducifolio
2001,Artibeus jamaicensis,ANP El Salado,El Vivero,350,bosque tropical subcaducifolio
2001,Artibeus jamaicensis,ANP El Salado,El Vivero,350,bosque tropical subcaducifolio
2001,Artibeus lituratus,ANP El Salado,El Vivero,350,bosque tropical subcaducifolio
2001,Artibeus jamaicensis,ANP El Salado,El Vivero,350,bosque tropical subcaducifolio
2001,Artibeus jamaicensis,ANP El Salado,El Vivero,350,bosque tropical subcaducifolio
2001,Artibeus jamaicensis,ANP El Salado,El Vivero,350,bosque tropical subcaducifolio
2001,Artibeus lituratus,ANP El Salado,El Vivero,350,bosque tropical subcaducifolio
2001,Artibeus jamaicensis,ANP El Salado,El Vivero,350,bosque tropical subcaducifolio
2001,Artibeus jamaicensis,ANP El Salado,El Vivero,350,bosque tropical subcaducifolio
2001,Dermanura phaeotis,ANP El Salado,El Vivero,350,bosque tropical subcaducifolio
2001,Artibeus lituratus,ANP El Salado,El Vivero,350,bosque tropical subcaducifolio
2001,Artibeus lituratus,ANP El Salado,El Vivero,350,bosque tropical subcaducifolio
2001,Dermanura phaeotis,ANP El Salado,El Vivero,350,bosque tropical subcaducifolio
2001,Artibeus lituratus,ANP El Salado,El Vivero,350,bosque tropical subcaducifolio
2001,Artibeus lituratus,ANP El Salado,El Vivero,350,bosque tropical subcaducifolio
2001,Artibeus lituratus,ANP El Salado,El Vivero,350,bosque tropical subcaducifolio
2001,Artibeus lituratus,ANP El Salado,El Vivero,350,bosque tropical subcaducifolio
2001,Artibeus jamaicensis,ANP El Salado,El Vivero,350,bosque tropical subcaducifolio
2001,Artibeus lituratus,ANP El Salado,El Vivero,350,bosque tropical subcaducifolio
2001,Artibeus jamaicensis,ANP El Salado,El Vivero,350,bosque tropical subcaducifolio
2001,Artibeus jamaicensis,ANP El Salado,El Vivero,350,bosque tropical subcaducifolio
2001,Artibeus lituratus,ANP El Salado,El Vivero,350,bosque tropical subcaducifolio
2001,Artibeus lituratus,ANP El Salado,El Vivero,350,bosque tropical subcaducifolio
2001,Artibeus jamaicensis,ANP El Salado,El Vivero,350,bosque tropical subcaducifolio
2001,Artibeus jamaicensis,ANP El Salado,El Vivero,350,bosque tropical subcaducifolio
2001,Artibeus jamaicensis,ANP El Salado,El Vivero,350,bosque tropical subcaducifolio
2001,Artibeus jamaicensis,ANP El Salado,El Vivero,350,bosque tropical subcaducifolio
2001,Artibeus lituratus,ANP El Salado,El Vivero,350,bosque tropical subcaducifolio
2001,Artibeus jamaicensis,ANP El Salado,El Vivero,350,bosque tropical subcaducifolio
2001,Artibeus hirsutus,ANP La Primavera,Los Guayabos,850,Riparia y encino
2001,Eptesicus fuscus,ANP La Primavera,Los Guayabos,850,Riparia y encino
2001,Macrotus waterhousii,ANP La Primavera,Los Guayabos,850,Riparia y encino
2001,Sturnira parvidens,ANP La Primavera,Los Guayabos,850,Riparia y encino
2001,Sturnira parvidens,ANP La Primavera,Los Guayabos,850,Riparia y encino
2001,Lasiurus cinereus,ANP La Primavera,Los Guayabos,850,Riparia y encino
2001,Lasiurus frantzii,ANP La Primavera,Los Guayabos,850,Riparia y encino
2001,Macrotus waterhousii,ANP La Primavera,Los Guayabos,850,Riparia y encino
2001,Sturnira parvidens,ANP La Primavera,Los Guayabos,850,Riparia y encino
2001,Dermanura tolteca,ANP La Primavera,Los Guayabos,850,Riparia y encino
2001,Eptesicus fuscus,ANP La Primavera,Los Guayabos,850,Riparia y encino
2001,Lasiurus frantzii,ANP La Primavera,Los Guayabos,850,Riparia y encino
2001,Eptesicus fuscus,ANP La Primavera,Los Guayabos,850,Riparia y encino
2001,Eptesicus fuscus,ANP La Primavera,Los Guayabos,850,Riparia y encino
2001,Lasiurus cinereus,ANP La Primavera,Los Guayabos,850,Riparia y encino
2001,Dermanura tolteca,ANP La Primavera,Los Guayabos,850,Riparia y encino
2001,Sturnira parvidens,ANP La Primavera,Los Guayabos,850,Riparia y encino
2001,Lasiurus frantzii,ANP La Primavera,Los Guayabos,850,Riparia y encino
2001,Sturnira hondurensis,ANP La Primavera,Los Guayabos,850,Riparia y encino
2001,Myotis californicus,ANP La Primavera,Los Guayabos,850,Riparia y encino
2001,Sturnira hondurensis,ANP La Primavera,Los Guayabos,850,Riparia y encino
2001,Artibeus hirsutus,ANP La Primavera,Los Guayabos,850,Riparia y encino
2001,Myotis thysanodes,ANP La Primavera,Cerritos Colorados,1358,Bosque de pino
2001,Eptesicus fuscus,ANP La Primavera,Cerritos Colorados,1358,Bosque de pino
2001,Lasiurus frantzii,ANP La Primavera,Cerritos Colorados,1358,Bosque de pino
2001,Lasiurus cinereus,ANP La Primavera,Cerritos Colorados,1358,Bosque de pino
2001,Tadarida brasiliensis,ANP La Primavera,Cerritos Colorados,1358,Bosque de pino
2001,Lasiurus frantzii,ANP La Primavera,Cerritos Colorados,1358,Bosque de pino
2001,Lasiurus frantzii,ANP La Primavera,Cerritos Colorados,1358,Bosque de pino
2001,Lasiurus frantzii,ANP La Primavera,Cerritos Colorados,1358,Bosque de pino
2001,Eptesicus fuscus,ANP La Primavera,Cerritos Colorados,1358,Bosque de pino
2001,Macrotus waterhousii,ANP La Primavera,Cerritos Colorados,1358,Bosque de pino
2001,Artibeus lituratus,ANP El Salado,Las Higueras,235,Vegetación secundaria
2001,Artibeus lituratus,ANP El Salado,Las Higueras,235,Vegetación secundaria
2001,Artibeus lituratus,ANP El Salado,Las Higueras,235,Vegetación secundaria
2001,Artibeus lituratus,ANP El Salado,Las Higueras,235,Vegetación secundaria
2001,Artibeus lituratus,ANP El Salado,Las Higueras,235,Vegetación secundaria
2001,Artibeus lituratus,ANP El Salado,Las Higueras,235,Vegetación secundaria
2001,Artibeus lituratus,ANP El Salado,Las Higueras,235,Vegetación secundaria
2001,Artibeus jamaicensis,ANP El Salado,Las Higueras,235,Vegetación secundaria
2001,Artibeus jamaicensis,ANP El Salado,Las Higueras,235,Vegetación secundaria
2001,Artibeus jamaicensis,ANP El Salado,Las Higueras,235,Vegetación secundaria
2001,Artibeus jamaicensis,ANP El Salado,Las Higueras,235,Vegetación secundaria
2001,Glossophaga mutica,ANP El Salado,Las Higueras,235,Vegetación secundaria
2001,Glossophaga mutica,ANP El Salado,Las Higueras,235,Vegetación secundaria
2001,Artibeus jamaicensis,ANP El Salado,Las Higueras,235,Vegetación secundaria
2001,Artibeus jamaicensis,ANP El Salado,Las Higueras,235,Vegetación secundaria
2001,Artibeus jamaicensis,ANP El Salado,Las Higueras,235,Vegetación secundaria
2001,Artibeus lituratus,ANP El Salado,Las Higueras,235,Vegetación secundaria
2001,Artibeus lituratus,ANP El Salado,Las Higueras,235,Vegetación secundaria
2001,Artibeus lituratus,ANP El Salado,Las Higueras,235,Vegetación secundaria
2001,Artibeus lituratus,ANP El Salado,Las Higueras,235,Vegetación secundaria
2001,Artibeus lituratus,ANP El Salado,Las Higueras,235,Vegetación secundaria
2001,Artibeus jamaicensis,ANP El Salado,Las Higueras,235,Vegetación secundaria
2001,Artibeus jamaicensis,ANP El Salado,Las Higueras,235,Vegetación secundaria
2001,Artibeus lituratus,ANP El Salado,Las Higueras,235,Vegetación secundaria
2001,Artibeus jamaicensis,ANP El Salado,Las Higueras,235,Vegetación secundaria
2001,Artibeus lituratus,ANP El Salado,Las Higueras,235,Vegetación secundaria
2001,Artibeus lituratus,ANP El Salado,Las Higueras,235,Vegetación secundaria
2001,Artibeus jamaicensis,ANP El Salado,Las Higueras,235,Vegetación secundaria
2001,Artibeus jamaicensis,ANP El Salado,Las Higueras,235,Vegetación secundaria
2001,Artibeus lituratus,ANP El Salado,Las Higueras,235,Vegetación secundaria
2001,Artibeus lituratus,ANP El Salado,Las Higueras,235,Vegetación secundaria
2001,Artibeus lituratus,ANP El Salado,Las Higueras,235,Vegetación secundaria
2001,Artibeus lituratus,ANP El Salado,Las Higueras,235,Vegetación secundaria
2001,Dermanura phaeotis,ANP El Salado,Las Higueras,235,Vegetación secundaria
2001,Artibeus lituratus,ANP El Salado,Las Higueras,235,Vegetación secundaria
2001,Artibeus lituratus,ANP El Salado,Las Higueras,235,Vegetación secundaria
2001,Artibeus lituratus,ANP El Salado,Las Higueras,235,Vegetación secundaria
2001,Artibeus jamaicensis,ANP El Salado,Las Higueras,235,Vegetación secundaria
2001,Artibeus lituratus,ANP El Salado,Las Higueras,235,Vegetación secundaria
2001,Artibeus lituratus,ANP El Salado,Las Higueras,235,Vegetación secundaria
2001,Artibeus lituratus,ANP El Salado,Las Higueras,235,Vegetación secundaria
2001,Artibeus lituratus,ANP El Salado,Las Higueras,235,Vegetación secundaria
2001,Artibeus jamaicensis,ANP El Salado,Las Higueras,235,Vegetación secundaria
2001,Artibeus lituratus,ANP El Salado,Las Higueras,235,Vegetación secundaria
2001,Artibeus lituratus,ANP El Salado,Las Higueras,235,Vegetación secundaria
2001,Artibeus lituratus,ANP El Salado,Las Higueras,235,Vegetación secundaria
2001,Artibeus jamaicensis,ANP El Salado,Las Higueras,235,Vegetación secundaria
2001,Artibeus lituratus,ANP El Salado,Las Higueras,235,Vegetación secundaria
2001,Artibeus lituratus,ANP El Salado,Las Higueras,235,Vegetación secundaria
2001,Artibeus lituratus,ANP El Salado,Las Higueras,235,Vegetación secundaria
2001,Artibeus lituratus,ANP El Salado,Las Higueras,235,Vegetación secundaria
2001,Artibeus lituratus,ANP El Salado,Las Higueras,235,Vegetación secundaria
2001,Artibeus lituratus,ANP El Salado,Las Higueras,235,Vegetación secundaria
2001,Artibeus lituratus,ANP El Salado,Las Higueras,235,Vegetación secundaria
2001,Artibeus jamaicensis,ANP El Salado,Las Higueras,235,Vegetación secundaria
2001,Artibeus jamaicensis,ANP El Salado,Las Higueras,235,Vegetación secundaria
2001,Artibeus lituratus,ANP El Salado,Las Higueras,235,Vegetación secundaria
2001,Artibeus lituratus,ANP El Salado,Las Higueras,235,Vegetación secundaria
2001,Artibeus jamaicensis,ANP El Salado,Las Higueras,235,Vegetación secundaria
2001,Rhogeessa parvula,ANP El Salado,Las Higueras,235,Vegetación secundaria
2001,Artibeus jamaicensis,ANP El Salado,Las Higueras,235,Vegetación secundaria
2001,Artibeus lituratus,ANP El Salado,Las Higueras,235,Vegetación secundaria
2001,Artibeus lituratus,ANP El Salado,Las Higueras,235,Vegetación secundaria
2001,Artibeus lituratus,ANP El Salado,Las Higueras,235,Vegetación secundaria
2001,Artibeus lituratus,ANP El Salado,Las Higueras,235,Vegetación secundaria
2001,Artibeus lituratus,ANP El Salado,Las Higueras,235,Vegetación secundaria
2001,Artibeus jamaicensis,ANP El Salado,Las Higueras,235,Vegetación secundaria
2001,Artibeus lituratus,ANP El Salado,Las Higueras,235,Vegetación secundaria
2001,Dermanura phaeotis,ANP El Salado,Las Higueras,235,Vegetación secundaria
2001,Dermanura phaeotis,ANP El Salado,Las Higueras,235,Vegetación secundaria
2001,Glossophaga mutica,ANP El Salado,Las Higueras,235,Vegetación secundaria
2001,Artibeus jamaicensis,ANP El Salado,Las Higueras,235,Vegetación secundaria
2001,Artibeus lituratus,ANP El Salado,Las Higueras,235,Vegetación secundaria
2001,Artibeus lituratus,ANP El Salado,Las Higueras,235,Vegetación secundaria
2001,Artibeus lituratus,ANP El Salado,Las Higueras,235,Vegetación secundaria
2001,Artibeus jamaicensis,ANP El Salado,Las Higueras,235,Vegetación secundaria
2001,Artibeus jamaicensis,ANP El Salado,Las Higueras,235,Vegetación secundaria
2001,Artibeus lituratus,ANP El Salado,Las Higueras,235,Vegetación secundaria
2001,Artibeus lituratus,ANP El Salado,Las Higueras,235,Vegetación secundaria
2001,Artibeus lituratus,ANP El Salado,Las Higueras,235,Vegetación secundaria
2001,Artibeus lituratus,ANP El Salado,Las Higueras,235,Vegetación secundaria
2001,Artibeus lituratus,ANP El Salado,Las Higueras,235,Vegetación secundaria
2001,Artibeus lituratus,ANP El Salado,El Vivero,350,bosque tropical subcaducifolio
2001,Artibeus lituratus,ANP El Salado,El Vivero,350,bosque tropical subcaducifolio
2001,Artibeus lituratus,ANP El Salado,El Vivero,350,bosque tropical subcaducifolio
2001,Dermanura phaeotis,ANP El Salado,El Vivero,350,bosque tropical subcaducifolio
2001,Glossophaga mutica,ANP El Salado,El Vivero,350,bosque tropical subcaducifolio
2001,Artibeus jamaicensis,ANP El Salado,El Vivero,350,bosque tropical subcaducifolio
2001,Glossophaga mutica,ANP El Salado,El Vivero,350,bosque tropical subcaducifolio
2001,Artibeus jamaicensis,ANP El Salado,El Vivero,350,bosque tropical subcaducifolio
2001,Artibeus jamaicensis,ANP El Salado,El Vivero,350,bosque tropical subcaducifolio
2001,Artibeus lituratus,ANP El Salado,El Vivero,350,bosque tropical subcaducifolio
2001,Artibeus lituratus,ANP El Salado,El Vivero,350,bosque tropical subcaducifolio
2001,Dermanura phaeotis,ANP El Salado,El Vivero,350,bosque tropical subcaducifolio
2001,Artibeus jamaicensis,ANP El Salado,El Vivero,350,bosque tropical subcaducifolio
2001,Artibeus lituratus,ANP El Salado,El Vivero,350,bosque tropical subcaducifolio
2001,Artibeus lituratus,ANP El Salado,El Vivero,350,bosque tropical subcaducifolio
2001,Artibeus lituratus,ANP El Salado,El Vivero,350,bosque tropical subcaducifolio
2001,Glossophaga mutica,ANP El Salado,El Vivero,350,bosque tropical subcaducifolio
2001,Glossophaga mutica,ANP El Salado,El Vivero,350,bosque tropical subcaducifolio
2001,Artibeus lituratus,ANP El Salado,El Vivero,350,bosque tropical subcaducifolio
2001,Artibeus lituratus,ANP El Salado,El Vivero,350,bosque tropical subcaducifolio
2001,Artibeus lituratus,ANP El Salado,El Vivero,350,bosque tropical subcaducifolio
2001,Dermanura phaeotis,ANP El Salado,El Vivero,350,bosque tropical subcaducifolio
2001,Artibeus lituratus,ANP El Salado,El Vivero,350,bosque tropical subcaducifolio
2001,Artibeus lituratus,ANP El Salado,El Vivero,350,bosque tropical subcaducifolio
2001,Dermanura phaeotis,ANP El Salado,El Vivero,350,bosque tropical subcaducifolio
2001,Artibeus lituratus,ANP El Salado,El Vivero,350,bosque tropical subcaducifolio
2001,Artibeus lituratus,ANP El Salado,El Vivero,350,bosque tropical subcaducifolio
2001,Artibeus lituratus,ANP El Salado,El Vivero,350,bosque tropical subcaducifolio
2001,Artibeus lituratus,ANP El Salado,El Vivero,350,bosque tropical subcaducifolio
2001,Artibeus lituratus,ANP El Salado,El Vivero,350,bosque tropical subcaducifolio
2001,Artibeus lituratus,ANP El Salado,El Vivero,350,bosque tropical subcaducifolio
2001,Artibeus jamaicensis,ANP El Salado,El Vivero,350,bosque tropical subcaducifolio
2001,Artibeus lituratus,ANP El Salado,El Vivero,350,bosque tropical subcaducifolio
2001,Artibeus lituratus,ANP El Salado,El Vivero,350,bosque tropical subcaducifolio
2001,Artibeus lituratus,ANP El Salado,El Vivero,350,bosque tropical subcaducifolio
2001,Myotis californicus,ANP La Primavera,Los Guayabos,850,Riparia y encino
2001,Sturnira parvidens,ANP La Primavera,Los Guayabos,850,Riparia y encino
2001,Sturnira parvidens,ANP La Primavera,Los Guayabos,850,Riparia y encino
2001,Eptesicus fuscus,ANP La Primavera,Los Guayabos,850,Riparia y encino
2001,Sturnira parvidens,ANP La Primavera,Los Guayabos,850,Riparia y encino
2001,Lasiurus frantzii,ANP La Primavera,Los Guayabos,850,Riparia y encino
2001,Lasiurus xanthinus,ANP La Primavera,Los Guayabos,850,Riparia y encino
2001,Sturnira parvidens,ANP La Primavera,Los Guayabos,850,Riparia y encino
2001,Artibeus hirsutus,ANP La Primavera,Los Guayabos,850,Riparia y encino
2001,Sturnira parvidens,ANP La Primavera,Los Guayabos,850,Riparia y encino
2001,Lasiurus cinereus,ANP La Primavera,Los Guayabos,850,Riparia y encino
2001,Artibeus hirsutus,ANP La Primavera,Los Guayabos,850,Riparia y encino
2001,Artibeus hirsutus,ANP La Primavera,Los Guayabos,850,Riparia y encino
2001,Artibeus hirsutus,ANP La Primavera,Los Guayabos,850,Riparia y encino
2001,Sturnira parvidens,ANP La Primavera,Los Guayabos,850,Riparia y encino
2001,Dermanura tolteca,ANP La Primavera,Los Guayabos,850,Riparia y encino
2001,Myotis californicus,ANP La Primavera,Los Guayabos,850,Riparia y encino
2001,Lasiurus frantzii,ANP La Primavera,Los Guayabos,850,Riparia y encino
2001,Artibeus hirsutus,ANP La Primavera,Los Guayabos,850,Riparia y encino
2001,Myotis thysanodes,ANP La Primavera,Cerritos Colorados,1358,Bosque de pino
2001,Tadarida brasiliensis,ANP La Primavera,Cerritos Colorados,1358,Bosque de pino
2001,Eptesicus fuscus,ANP La Primavera,Cerritos Colorados,1358,Bosque de pino
2001,Tadarida brasiliensis,ANP La Primavera,Cerritos Colorados,1358,Bosque de pino
2001,Tadarida brasiliensis,ANP La Primavera,Cerritos Colorados,1358,Bosque de pino
2001,Tadarida brasiliensis,ANP La Primavera,Cerritos Colorados,1358,Bosque de pino
2001,Eptesicus fuscus,ANP La Primavera,Cerritos Colorados,1358,Bosque de pino
2001,Tadarida brasiliensis,ANP La Primavera,Cerritos Colorados,1358,Bosque de pino
2001,Tadarida brasiliensis,ANP La Primavera,Cerritos Colorados,1358,Bosque de pino
2001,Tadarida brasiliensis,ANP La Primavera,Cerritos Colorados,1358,Bosque de pino
2001,Eptesicus fuscus,ANP La Primavera,Cerritos Colorados,1358,Bosque de pino
2001,Artibeus hirsutus,ANP La Primavera,Cerritos Colorados,1358,Bosque de pino
2001,Eptesicus fuscus,ANP La Primavera,Cerritos Colorados,1358,Bosque de pino
2001,Rhogeessa parvula,ANP El Salado,Las Higueras,235,Vegetación secundaria
2001,Artibeus lituratus,ANP El Salado,Las Higueras,235,Vegetación secundaria
2001,Artibeus lituratus,ANP El Salado,Las Higueras,235,Vegetación secundaria
2001,Artibeus lituratus,ANP El Salado,Las Higueras,235,Vegetación secundaria
2001,Artibeus lituratus,ANP El Salado,Las Higueras,235,Vegetación secundaria
2001,Artibeus lituratus,ANP El Salado,Las Higueras,235,Vegetación secundaria
2001,Artibeus lituratus,ANP El Salado,Las Higueras,235,Vegetación secundaria
2001,Artibeus lituratus,ANP El Salado,Las Higueras,235,Vegetación secundaria
2001,Artibeus lituratus,ANP El Salado,Las Higueras,235,Vegetación secundaria
2001,Artibeus lituratus,ANP El Salado,Las Higueras,235,Vegetación secundaria
2001,Artibeus lituratus,ANP El Salado,Las Higueras,235,Vegetación secundaria
2001,Artibeus lituratus,ANP El Salado,Las Higueras,235,Vegetación secundaria
2001,Dermanura phaeotis,ANP El Salado,Las Higueras,235,Vegetación secundaria
2001,Artibeus lituratus,ANP El Salado,Las Higueras,235,Vegetación secundaria
2001,Artibeus lituratus,ANP El Salado,Las Higueras,235,Vegetación secundaria
2001,Artibeus lituratus,ANP El Salado,Las Higueras,235,Vegetación secundaria
2001,Artibeus lituratus,ANP El Salado,Las Higueras,235,Vegetación secundaria
2001,Artibeus lituratus,ANP El Salado,Las Higueras,235,Vegetación secundaria
2001,Artibeus lituratus,ANP El Salado,Las Higueras,235,Vegetación secundaria
2001,Artibeus lituratus,ANP El Salado,Las Higueras,235,Vegetación secundaria
2001,Artibeus lituratus,ANP El Salado,Las Higueras,235,Vegetación secundaria
2001,Artibeus lituratus,ANP El Salado,Las Higueras,235,Vegetación secundaria
2001,Artibeus lituratus,ANP El Salado,Las Higueras,235,Vegetación secundaria
2001,Artibeus lituratus,ANP El Salado,Las Higueras,235,Vegetación secundaria
2001,Artibeus jamaicensis,ANP El Salado,Las Higueras,235,Vegetación secundaria
2001,Artibeus jamaicensis,ANP El Salado,Las Higueras,235,Vegetación secundaria
2001,Artibeus lituratus,ANP El Salado,El Vivero,350,bosque tropical subcaducifolio
2001,Artibeus lituratus,ANP El Salado,El Vivero,350,bosque tropical subcaducifolio
2001,Artibeus lituratus,ANP El Salado,El Vivero,350,bosque tropical subcaducifolio
2001,Artibeus lituratus,ANP El Salado,El Vivero,350,bosque tropical subcaducifolio
2001,Artibeus lituratus,ANP El Salado,El Vivero,350,bosque tropical subcaducifolio
2001,Artibeus lituratus,ANP El Salado,El Vivero,350,bosque tropical subcaducifolio
2001,Artibeus lituratus,ANP El Salado,El Vivero,350,bosque tropical subcaducifolio
2001,Artibeus lituratus,ANP El Salado,El Vivero,350,bosque tropical subcaducifolio
2001,Artibeus lituratus,ANP El Salado,El Vivero,350,bosque tropical subcaducifolio
2001,Artibeus lituratus,ANP El Salado,El Vivero,350,bosque tropical subcaducifolio
2001,Artibeus lituratus,ANP El Salado,El Vivero,350,bosque tropical subcaducifolio
2001,Artibeus lituratus,ANP El Salado,El Vivero,350,bosque tropical subcaducifolio
2001,Dermanura phaeotis,ANP El Salado,El Vivero,350,bosque tropical subcaducifolio
2001,Rhogeessa parvula,ANP El Salado,El Vivero,350,bosque tropical subcaducifolio
2001,Artibeus lituratus,ANP El Salado,El Vivero,350,bosque tropical subcaducifolio
2001,Artibeus lituratus,ANP El Salado,El Vivero,350,bosque tropical subcaducifolio
2001,Artibeus lituratus,ANP El Salado,El Vivero,350,bosque tropical subcaducifolio
2001,Artibeus lituratus,ANP El Salado,El Vivero,350,bosque tropical subcaducifolio
2001,Dermanura phaeotis,ANP El Salado,El Vivero,350,bosque tropical subcaducifolio
2001,Artibeus lituratus,ANP El Salado,El Vivero,350,bosque tropical subcaducifolio
2001,Glossophaga mutica,ANP El Salado,El Vivero,350,bosque tropical subcaducifolio
2001,Artibeus lituratus,ANP El Salado,El Vivero,350,bosque tropical subcaducifolio
2001,Glossophaga mutica,ANP El Salado,El Vivero,350,bosque tropical subcaducifolio
2001,Artibeus lituratus,ANP El Salado,El Vivero,350,bosque tropical subcaducifolio
2001,Artibeus lituratus,ANP El Salado,El Vivero,350,bosque tropical subcaducifolio
2001,Artibeus lituratus,ANP El Salado,El Vivero,350,bosque tropical subcaducifolio
2001,Glossophaga mutica,ANP El Salado,El Vivero,350,bosque tropical subcaducifolio
2001,Artibeus lituratus,ANP El Salado,El Vivero,350,bosque tropical subcaducifolio
2001,Glossophaga mutica,ANP El Salado,El Vivero,350,bosque tropical subcaducifolio
2001,Glossophaga mutica,ANP El Salado,El Vivero,350,bosque tropical subcaducifolio
2001,Artibeus jamaicensis,ANP El Salado,El Vivero,350,bosque tropical subcaducifolio
2001,Artibeus lituratus,ANP El Salado,El Vivero,350,bosque tropical subcaducifolio
2001,Artibeus lituratus,ANP El Salado,El Vivero,350,bosque tropical subcaducifolio
2001,Artibeus lituratus,ANP El Salado,El Vivero,350,bosque tropical subcaducifolio
2001,Artibeus lituratus,ANP El Salado,El Vivero,350,bosque tropical subcaducifolio
2001,Artibeus lituratus,ANP El Salado,El Vivero,350,bosque tropical subcaducifolio
2001,Artibeus lituratus,ANP El Salado,El Vivero,350,bosque tropical subcaducifolio
2001,Artibeus lituratus,ANP El Salado,El Vivero,350,bosque tropical subcaducifolio
2001,Artibeus lituratus,ANP El Salado,El Vivero,350,bosque tropical subcaducifolio
2001,Artibeus lituratus,ANP El Salado,El Vivero,350,bosque tropical subcaducifolio
2001,Dermanura phaeotis,ANP El Salado,El Vivero,350,bosque tropical subcaducifolio
2001,Glossophaga mutica,ANP El Salado,El Vivero,350,bosque tropical subcaducifolio
2001,Artibeus lituratus,ANP El Salado,El Vivero,350,bosque tropical subcaducifolio
2001,Artibeus lituratus,ANP El Salado,El Vivero,350,bosque tropical subcaducifolio
2001,Artibeus lituratus,ANP El Salado,El Vivero,350,bosque tropical subcaducifolio
2001,Artibeus lituratus,ANP El Salado,El Vivero,350,bosque tropical subcaducifolio
2001,Glossophaga mutica,ANP El Salado,El Vivero,350,bosque tropical subcaducifolio
2001,Dermanura phaeotis,ANP El Salado,El Vivero,350,bosque tropical subcaducifolio
2001,Artibeus lituratus,ANP El Salado,El Vivero,350,bosque tropical subcaducifolio
2001,Artibeus lituratus,ANP El Salado,El Vivero,350,bosque tropical subcaducifolio
2001,Artibeus lituratus,ANP El Salado,El Vivero,350,bosque tropical subcaducifolio
2001,Artibeus lituratus,ANP El Salado,El Vivero,350,bosque tropical subcaducifolio
2001,Artibeus lituratus,ANP El Salado,El Vivero,350,bosque tropical subcaducifolio
2001,Glossophaga mutica,ANP El Salado,El Vivero,350,bosque tropical subcaducifolio
2001,Artibeus lituratus,ANP El Salado,El Vivero,350,bosque tropical subcaducifolio
2001,Artibeus lituratus,ANP El Salado,El Vivero,350,bosque tropical subcaducifolio
2001,Artibeus lituratus,ANP El Salado,El Vivero,350,bosque tropical subcaducifolio
2001,Artibeus lituratus,ANP El Salado,El Vivero,350,bosque tropical subcaducifolio
2001,Myotis californicus,ANP La Primavera,Cerritos Colorados,1358,Bosque de pino
2001,Myotis californicus,ANP La Primavera,Cerritos Colorados,1358,Bosque de pino
2001,Myotis californicus,ANP La Primavera,Cerritos Colorados,1358,Bosque de pino
2001,Sturnira parvidens,ANP La Primavera,Cerritos Colorados,1358,Bosque de pino
2001,Lasiurus cinereus,ANP La Primavera,Cerritos Colorados,1358,Bosque de pino
2001,Tadarida brasiliensis,ANP La Primavera,Cerritos Colorados,1358,Bosque de pino
2001,Myotis californicus,ANP La Primavera,Cerritos Colorados,1358,Bosque de pino
2001,Myotis californicus,ANP La Primavera,Cerritos Colorados,1358,Bosque de pino
2001,Lasiurus cinereus,ANP La Primavera,Los Guayabos,850,Riparia y encino
2002,Eptesicus fuscus,ANP La Primavera,Los Guayabos,850,Riparia y encino
2002,Myotis californicus,ANP La Primavera,Cerritos Colorados,1358,Bosque de pino
2002,Macrotus waterhousii,ANP La Primavera,Cerritos Colorados,1358,Bosque de pino
2002,Myotis californicus,ANP La Primavera,Cerritos Colorados,1358,Bosque de pino
2002,Nyctinomops femorosaccus,ANP La Primavera,Cerritos Colorados,1358,Bosque de pino
2002,Lasiurus frantzii,ANP La Primavera,Cerritos Colorados,1358,Bosque de pino
2002,Myotis californicus,ANP La Primavera,Cerritos Colorados,1358,Bosque de pino
2002,Myotis californicus,ANP La Primavera,Cerritos Colorados,1358,Bosque de pino
2002,Nyctinomops femorosaccus,ANP La Primavera,Cerritos Colorados,1358,Bosque de pino
2002,Rhogeessa parvula,ANP El Salado,Las Higueras,235,Vegetación secundaria
2002,Artibeus lituratus,ANP El Salado,Las Higueras,235,Vegetación secundaria
2002,Artibeus lituratus,ANP El Salado,Las Higueras,235,Vegetación secundaria
2002,Glossophaga mutica,ANP El Salado,Las Higueras,235,Vegetación secundaria
2002,Dermanura phaeotis,ANP El Salado,Las Higueras,235,Vegetación secundaria
2002,Artibeus lituratus,ANP El Salado,Las Higueras,235,Vegetación secundaria
2002,Artibeus lituratus,ANP El Salado,Las Higueras,235,Vegetación secundaria
2002,Dermanura phaeotis,ANP El Salado,Las Higueras,235,Vegetación secundaria
2002,Artibeus lituratus,ANP El Salado,Las Higueras,235,Vegetación secundaria
2002,Artibeus lituratus,ANP El Salado,Las Higueras,235,Vegetación secundaria
2002,Glossophaga mutica,ANP El Salado,Las Higueras,235,Vegetación secundaria
2002,Artibeus lituratus,ANP El Salado,Las Higueras,235,Vegetación secundaria
2002,Artibeus lituratus,ANP El Salado,Las Higueras,235,Vegetación secundaria
2002,Glossophaga mutica,ANP El Salado,Las Higueras,235,Vegetación secundaria
2002,Artibeus jamaicensis,ANP El Salado,Las Higueras,235,Vegetación secundaria
2002,Artibeus lituratus,ANP El Salado,Las Higueras,235,Vegetación secundaria
2002,Artibeus lituratus,ANP El Salado,Las Higueras,235,Vegetación secundaria
2002,Artibeus jamaicensis,ANP El Salado,Las Higueras,235,Vegetación secundaria
2002,Artibeus lituratus,ANP El Salado,Las Higueras,235,Vegetación secundaria
2002,Artibeus lituratus,ANP El Salado,Las Higueras,235,Vegetación secundaria
2002,Rhogeessa parvula,ANP El Salado,El Vivero,350,bosque tropical subcaducifolio
2002,Rhogeessa parvula,ANP El Salado,El Vivero,350,bosque tropical subcaducifolio
2002,Artibeus lituratus,ANP El Salado,El Vivero,350,bosque tropical subcaducifolio
2002,Artibeus lituratus,ANP El Salado,El Vivero,350,bosque tropical subcaducifolio
2002,Glossophaga mutica,ANP El Salado,El Vivero,350,bosque tropical subcaducifolio
2002,Glossophaga mutica,ANP El Salado,El Vivero,350,bosque tropical subcaducifolio
2002,Sturnira parvidens,ANP El Salado,El Vivero,350,bosque tropical subcaducifolio
2002,Artibeus lituratus,ANP El Salado,El Vivero,350,bosque tropical subcaducifolio
2002,Dermanura phaeotis,ANP El Salado,El Vivero,350,bosque tropical subcaducifolio
2002,Glossophaga mutica,ANP El Salado,El Vivero,350,bosque tropical subcaducifolio
2002,Artibeus lituratus,ANP El Salado,El Vivero,350,bosque tropical subcaducifolio
2002,Artibeus jamaicensis,ANP El Salado,El Vivero,350,bosque tropical subcaducifolio
2002,Artibeus lituratus,ANP El Salado,El Vivero,350,bosque tropical subcaducifolio
2002,Artibeus jamaicensis,ANP El Salado,El Vivero,350,bosque tropical subcaducifolio
2002,Glossophaga mutica,ANP El Salado,El Vivero,350,bosque tropical subcaducifolio
2002,Artibeus lituratus,ANP El Salado,El Vivero,350,bosque tropical subcaducifolio
2002,Artibeus lituratus,ANP El Salado,El Vivero,350,bosque tropical subcaducifolio
2002,Artibeus lituratus,ANP El Salado,El Vivero,350,bosque tropical subcaducifolio
2002,Artibeus lituratus,ANP El Salado,El Vivero,350,bosque tropical subcaducifolio
2002,Glossophaga mutica,ANP El Salado,El Vivero,350,bosque tropical subcaducifolio
2002,Tadarida brasiliensis,ANP La Primavera,Cerritos Colorados,1358,Bosque de pino
2002,Tadarida brasiliensis,ANP La Primavera,Cerritos Colorados,1358,Bosque de pino
2002,Tadarida brasiliensis,ANP La Primavera,Cerritos Colorados,1358,Bosque de pino
2002,Tadarida brasiliensis,ANP La Primavera,Cerritos Colorados,1358,Bosque de pino
2002,Sturnira parvidens,ANP La Primavera,Los Guayabos,850,Riparia y encino
2002,Sturnira parvidens,ANP La Primavera,Los Guayabos,850,Riparia y encino
2002,Mormoops megalophylla,ANP La Primavera,Los Guayabos,850,Riparia y encino
2002,Rhogeessa parvula,ANP El Salado,Las Higueras,235,Vegetación secundaria
2002,Rhogeessa parvula,ANP El Salado,Las Higueras,235,Vegetación secundaria
2002,Artibeus jamaicensis,ANP El Salado,Las Higueras,235,Vegetación secundaria
2002,Artibeus lituratus,ANP El Salado,Las Higueras,235,Vegetación secundaria
2002,Leptonycteris yerbabuenae,ANP El Salado,Las Higueras,235,Vegetación secundaria
2002,Artibeus jamaicensis,ANP El Salado,Las Higueras,235,Vegetación secundaria
2002,Glossophaga mutica,ANP El Salado,El Vivero,350,bosque tropical subcaducifolio
2002,Glossophaga mutica,ANP El Salado,El Vivero,350,bosque tropical subcaducifolio
2002,Glossophaga mutica,ANP El Salado,El Vivero,350,bosque tropical subcaducifolio
2002,Artibeus lituratus,ANP El Salado,El Vivero,350,bosque tropical subcaducifolio
2002,Artibeus jamaicensis,ANP El Salado,El Vivero,350,bosque tropical subcaducifolio
2002,Glossophaga mutica,ANP El Salado,El Vivero,350,bosque tropical subcaducifolio
2002,Glossophaga mutica,ANP El Salado,El Vivero,350,bosque tropical subcaducifolio
2002,Artibeus lituratus,ANP El Salado,El Vivero,350,bosque tropical subcaducifolio
2002,Artibeus lituratus,ANP El Salado,El Vivero,350,bosque tropical subcaducifolio
2002,Leptonycteris yerbabuenae,ANP El Salado,El Vivero,350,bosque tropical subcaducifolio
2002,Artibeus lituratus,ANP El Salado,El Vivero,350,bosque tropical subcaducifolio
2002,Artibeus jamaicensis,ANP El Salado,El Vivero,350,bosque tropical subcaducifolio
2002,Artibeus lituratus,ANP El Salado,El Vivero,350,bosque tropical subcaducifolio
2002,Artibeus lituratus,ANP El Salado,El Vivero,350,bosque tropical subcaducifolio
2002,Artibeus jamaicensis,ANP El Salado,El Vivero,350,bosque tropical subcaducifolio
2002,Artibeus jamaicensis,ANP El Salado,El Vivero,350,bosque tropical subcaducifolio
2002,Dermanura phaeotis,ANP El Salado,El Vivero,350,bosque tropical subcaducifolio
2002,Artibeus lituratus,ANP El Salado,El Vivero,350,bosque tropical subcaducifolio
2002,Artibeus lituratus,ANP El Salado,El Vivero,350,bosque tropical subcaducifolio
2002,Artibeus lituratus,ANP El Salado,El Vivero,350,bosque tropical subcaducifolio
2002,Artibeus lituratus,ANP El Salado,El Vivero,350,bosque tropical subcaducifolio
2002,Artibeus lituratus,ANP El Salado,El Vivero,350,bosque tropical subcaducifolio
2002,Artibeus lituratus,ANP El Salado,El Vivero,350,bosque tropical subcaducifolio
2002,Artibeus jamaicensis,ANP El Salado,Las Higueras,235,Vegetación secundaria
2002,Rhogeessa parvula,ANP El Salado,Las Higueras,235,Vegetación secundaria
2002,Artibeus lituratus,ANP El Salado,Las Higueras,235,Vegetación secundaria
2002,Artibeus lituratus,ANP El Salado,Las Higueras,235,Vegetación secundaria
2002,Artibeus lituratus,ANP El Salado,Las Higueras,235,Vegetación secundaria
2002,Artibeus jamaicensis,ANP El Salado,Las Higueras,235,Vegetación secundaria
2002,Artibeus lituratus,ANP El Salado,Las Higueras,235,Vegetación secundaria
2002,Artibeus lituratus,ANP El Salado,Las Higueras,235,Vegetación secundaria
2002,Artibeus lituratus,ANP El Salado,Las Higueras,235,Vegetación secundaria
2002,Artibeus lituratus,ANP El Salado,Las Higueras,235,Vegetación secundaria
2002,Artibeus lituratus,ANP El Salado,Las Higueras,235,Vegetación secundaria
2002,Artibeus lituratus,ANP El Salado,Las Higueras,235,Vegetación secundaria
2002,Artibeus lituratus,ANP El Salado,Las Higueras,235,Vegetación secundaria
2002,Artibeus jamaicensis,ANP El Salado,Las Higueras,235,Vegetación secundaria
2002,Artibeus lituratus,ANP El Salado,Las Higueras,235,Vegetación secundaria
2002,Artibeus lituratus,ANP El Salado,Las Higueras,235,Vegetación secundaria
2002,Artibeus lituratus,ANP El Salado,Las Higueras,235,Vegetación secundaria
2002,Artibeus lituratus,ANP El Salado,Las Higueras,235,Vegetación secundaria
2002,Rhogeessa parvula,ANP El Salado,El Vivero,350,bosque tropical subcaducifolio
2002,Glossophaga mutica,ANP El Salado,El Vivero,350,bosque tropical subcaducifolio
2002,Rhogeessa parvula,ANP El Salado,El Vivero,350,bosque tropical subcaducifolio
2002,Artibeus lituratus,ANP El Salado,El Vivero,350,bosque tropical subcaducifolio
2002,Glossophaga mutica,ANP El Salado,El Vivero,350,bosque tropical subcaducifolio
2002,Artibeus lituratus,ANP El Salado,El Vivero,350,bosque tropical subcaducifolio
2002,Glossophaga mutica,ANP El Salado,El Vivero,350,bosque tropical subcaducifolio
2002,Artibeus lituratus,ANP El Salado,El Vivero,350,bosque tropical subcaducifolio
2002,Artibeus lituratus,ANP El Salado,El Vivero,350,bosque tropical subcaducifolio
2002,Artibeus lituratus,ANP El Salado,El Vivero,350,bosque tropical subcaducifolio
2002,Glossophaga mutica,ANP El Salado,El Vivero,350,bosque tropical subcaducifolio
2002,Glossophaga mutica,ANP El Salado,El Vivero,350,bosque tropical subcaducifolio
2002,Artibeus lituratus,ANP El Salado,El Vivero,350,bosque tropical subcaducifolio
2002,Glossophaga mutica,ANP El Salado,El Vivero,350,bosque tropical subcaducifolio
2002,Sturnira parvidens,ANP El Salado,El Vivero,350,bosque tropical subcaducifolio
2002,Glossophaga mutica,ANP El Salado,El Vivero,350,bosque tropical subcaducifolio
2002,Artibeus lituratus,ANP El Salado,El Vivero,350,bosque tropical subcaducifolio
2002,Dermanura phaeotis,ANP El Salado,El Vivero,350,bosque tropical subcaducifolio
2002,Artibeus lituratus,ANP El Salado,El Vivero,350,bosque tropical subcaducifolio
2002,Artibeus lituratus,ANP El Salado,El Vivero,350,bosque tropical subcaducifolio
2002,Artibeus jamaicensis,ANP El Salado,El Vivero,350,bosque tropical subcaducifolio
2002,Artibeus lituratus,ANP El Salado,El Vivero,350,bosque tropical subcaducifolio
2002,Artibeus lituratus,ANP El Salado,El Vivero,350,bosque tropical subcaducifolio
2002,Artibeus lituratus,ANP El Salado,El Vivero,350,bosque tropical subcaducifolio
2002,Artibeus lituratus,ANP El Salado,El Vivero,350,bosque tropical subcaducifolio
2002,Artibeus lituratus,ANP El Salado,El Vivero,350,bosque tropical subcaducifolio
2002,Dermanura phaeotis,ANP El Salado,El Vivero,350,bosque tropical subcaducifolio
2002,Artibeus lituratus,ANP El Salado,El Vivero,350,bosque tropical subcaducifolio
2002,Glossophaga mutica,ANP El Salado,El Vivero,350,bosque tropical subcaducifolio
2002,Artibeus lituratus,ANP El Salado,El Vivero,350,bosque tropical subcaducifolio
2002,Artibeus lituratus,ANP El Salado,El Vivero,350,bosque tropical subcaducifolio
2002,Glossophaga mutica,ANP El Salado,El Vivero,350,bosque tropical subcaducifolio
2002,Lasiurus xanthinus,ANP El Salado,El Vivero,350,bosque tropical subcaducifolio
2002,Dermanura tolteca,ANP La Primavera,Los Guayabos,850,Riparia y encino
2002,Sturnira parvidens,ANP La Primavera,Los Guayabos,850,Riparia y encino
2002,Sturnira parvidens,ANP La Primavera,Los Guayabos,850,Riparia y encino
2002,Sturnira parvidens,ANP La Primavera,Los Guayabos,850,Riparia y encino
2002,Sturnira parvidens,ANP La Primavera,Los Guayabos,850,Riparia y encino
2002,Dermanura tolteca,ANP La Primavera,Los Guayabos,850,Riparia y encino
2002,Sturnira parvidens,ANP La Primavera,Los Guayabos,850,Riparia y encino
2002,Tadarida brasiliensis,ANP La Primavera,Cerritos Colorados,1358,Bosque de pino
2002,Tadarida brasiliensis,ANP La Primavera,Cerritos Colorados,1358,Bosque de pino
2002,Nyctinomops femorosaccus,ANP La Primavera,Cerritos Colorados,1358,Bosque de pino
2002,Myotis californicus,ANP La Primavera,Cerritos Colorados,1358,Bosque de pino
2002,Tadarida brasiliensis,ANP La Primavera,Cerritos Colorados,1358,Bosque de pino
2002,Tadarida brasiliensis,ANP La Primavera,Cerritos Colorados,1358,Bosque de pino
2002,Tadarida brasiliensis,ANP La Primavera,Cerritos Colorados,1358,Bosque de pino
2002,Tadarida brasiliensis,ANP La Primavera,Cerritos Colorados,1358,Bosque de pino
2002,Tadarida brasiliensis,ANP La Primavera,Cerritos Colorados,1358,Bosque de pino
2002,Lasiurus xanthinus,ANP La Primavera,Cerritos Colorados,1358,Bosque de pino
2002,Lasiurus cinereus,ANP La Primavera,Cerritos Colorados,1358,Bosque de pino
2002,Myotis californicus,ANP La Primavera,Cerritos Colorados,1358,Bosque de pino
2002,Glossophaga mutica,ANP El Salado,Las Higueras,235,Vegetación secundaria
2002,Dermanura phaeotis,ANP El Salado,Las Higueras,235,Vegetación secundaria
2002,Artibeus lituratus,ANP El Salado,Las Higueras,235,Vegetación secundaria
2002,Dermanura phaeotis,ANP El Salado,Las Higueras,235,Vegetación secundaria
2002,Glossophaga mutica,ANP El Salado,Las Higueras,235,Vegetación secundaria
2002,Artibeus lituratus,ANP El Salado,Las Higueras,235,Vegetación secundaria
2002,Artibeus lituratus,ANP El Salado,Las Higueras,235,Vegetación secundaria
2002,Artibeus lituratus,ANP El Salado,Las Higueras,235,Vegetación secundaria
2002,Artibeus jamaicensis,ANP El Salado,Las Higueras,235,Vegetación secundaria
2002,Artibeus lituratus,ANP El Salado,Las Higueras,235,Vegetación secundaria
2002,Artibeus lituratus,ANP El Salado,Las Higueras,235,Vegetación secundaria
2002,Glossophaga mutica,ANP El Salado,Las Higueras,235,Vegetación secundaria
2002,Artibeus jamaicensis,ANP El Salado,Las Higueras,235,Vegetación secundaria
2002,Artibeus jamaicensis,ANP El Salado,Las Higueras,235,Vegetación secundaria
2002,Artibeus lituratus,ANP El Salado,Las Higueras,235,Vegetación secundaria
2002,Artibeus lituratus,ANP El Salado,Las Higueras,235,Vegetación secundaria
2002,Artibeus jamaicensis,ANP El Salado,Las Higueras,235,Vegetación secundaria
2002,Artibeus lituratus,ANP El Salado,Las Higueras,235,Vegetación secundaria
2002,Glossophaga mutica,ANP El Salado,Las Higueras,235,Vegetación secundaria
2002,Glossophaga mutica,ANP El Salado,Las Higueras,235,Vegetación secundaria
2002,Artibeus lituratus,ANP El Salado,Las Higueras,235,Vegetación secundaria
2002,Artibeus lituratus,ANP El Salado,Las Higueras,235,Vegetación secundaria
2002,Artibeus lituratus,ANP El Salado,Las Higueras,235,Vegetación secundaria
2002,Glossophaga mutica,ANP El Salado,Las Higueras,235,Vegetación secundaria
2002,Artibeus lituratus,ANP El Salado,Las Higueras,235,Vegetación secundaria
2002,Artibeus lituratus,ANP El Salado,Las Higueras,235,Vegetación secundaria
2002,Artibeus lituratus,ANP El Salado,Las Higueras,235,Vegetación secundaria
2002,Artibeus lituratus,ANP El Salado,Las Higueras,235,Vegetación secundaria
2002,Artibeus lituratus,ANP El Salado,Las Higueras,235,Vegetación secundaria
2002,Artibeus lituratus,ANP El Salado,Las Higueras,235,Vegetación secundaria
2002,Artibeus jamaicensis,ANP El Salado,Las Higueras,235,Vegetación secundaria
2002,Glossophaga mutica,ANP El Salado,Las Higueras,235,Vegetación secundaria
2002,Artibeus lituratus,ANP El Salado,Las Higueras,235,Vegetación secundaria
2002,Artibeus lituratus,ANP El Salado,Las Higueras,235,Vegetación secundaria
2002,Glossophaga mutica,ANP El Salado,Las Higueras,235,Vegetación secundaria
2002,Dermanura phaeotis,ANP El Salado,El Vivero,350,bosque tropical subcaducifolio
2002,Glossophaga mutica,ANP El Salado,El Vivero,350,bosque tropical subcaducifolio
2002,Dermanura phaeotis,ANP El Salado,El Vivero,350,bosque tropical subcaducifolio
2002,Glossophaga mutica,ANP El Salado,El Vivero,350,bosque tropical subcaducifolio
2002,Artibeus jamaicensis,ANP El Salado,El Vivero,350,bosque tropical subcaducifolio
2002,Glossophaga mutica,ANP El Salado,El Vivero,350,bosque tropical subcaducifolio
2002,Glossophaga mutica,ANP El Salado,El Vivero,350,bosque tropical subcaducifolio
2002,Dermanura phaeotis,ANP El Salado,El Vivero,350,bosque tropical subcaducifolio
2002,Glossophaga mutica,ANP El Salado,El Vivero,350,bosque tropical subcaducifolio
2002,Artibeus lituratus,ANP El Salado,El Vivero,350,bosque tropical subcaducifolio
2002,Glossophaga mutica,ANP El Salado,El Vivero,350,bosque tropical subcaducifolio
2002,Glossophaga mutica,ANP El Salado,El Vivero,350,bosque tropical subcaducifolio
2002,Dermanura phaeotis,ANP El Salado,El Vivero,350,bosque tropical subcaducifolio
2002,Artibeus jamaicensis,ANP El Salado,El Vivero,350,bosque tropical subcaducifolio
2002,Artibeus jamaicensis,ANP El Salado,El Vivero,350,bosque tropical subcaducifolio
2002,Artibeus jamaicensis,ANP El Salado,El Vivero,350,bosque tropical subcaducifolio
2002,Artibeus lituratus,ANP El Salado,El Vivero,350,bosque tropical subcaducifolio
2002,Artibeus jamaicensis,ANP El Salado,El Vivero,350,bosque tropical subcaducifolio
2002,Artibeus lituratus,ANP El Salado,El Vivero,350,bosque tropical subcaducifolio
2002,Artibeus lituratus,ANP El Salado,El Vivero,350,bosque tropical subcaducifolio
2002,Artibeus jamaicensis,ANP El Salado,El Vivero,350,bosque tropical subcaducifolio
2002,Artibeus jamaicensis,ANP El Salado,El Vivero,350,bosque tropical subcaducifolio
2002,Glossophaga mutica,ANP El Salado,El Vivero,350,bosque tropical subcaducifolio
2002,Dermanura phaeotis,ANP El Salado,El Vivero,350,bosque tropical subcaducifolio
2002,Artibeus lituratus,ANP El Salado,El Vivero,350,bosque tropical subcaducifolio
2002,Artibeus jamaicensis,ANP El Salado,El Vivero,350,bosque tropical subcaducifolio
2002,Glossophaga mutica,ANP El Salado,El Vivero,350,bosque tropical subcaducifolio
2002,Glossophaga mutica,ANP El Salado,El Vivero,350,bosque tropical subcaducifolio
2002,Artibeus jamaicensis,ANP El Salado,El Vivero,350,bosque tropical subcaducifolio
2002,Artibeus lituratus,ANP El Salado,El Vivero,350,bosque tropical subcaducifolio
2002,Artibeus jamaicensis,ANP El Salado,El Vivero,350,bosque tropical subcaducifolio
2002,Glossophaga mutica,ANP El Salado,El Vivero,350,bosque tropical subcaducifolio
2002,Glossophaga mutica,ANP El Salado,El Vivero,350,bosque tropical subcaducifolio
2002,Artibeus jamaicensis,ANP El Salado,El Vivero,350,bosque tropical subcaducifolio
2002,Glossophaga mutica,ANP El Salado,El Vivero,350,bosque tropical subcaducifolio
2002,Dermanura phaeotis,ANP El Salado,El Vivero,350,bosque tropical subcaducifolio
2002,Artibeus lituratus,ANP El Salado,El Vivero,350,bosque tropical subcaducifolio
2002,Artibeus jamaicensis,ANP El Salado,El Vivero,350,bosque tropical subcaducifolio
2002,Artibeus jamaicensis,ANP El Salado,El Vivero,350,bosque tropical subcaducifolio
2002,Artibeus jamaicensis,ANP El Salado,El Vivero,350,bosque tropical subcaducifolio
2002,Dermanura phaeotis,ANP El Salado,El Vivero,350,bosque tropical subcaducifolio
2002,Artibeus lituratus,ANP El Salado,El Vivero,350,bosque tropical subcaducifolio
2002,Artibeus jamaicensis,ANP El Salado,El Vivero,350,bosque tropical subcaducifolio
2002,Artibeus jamaicensis,ANP El Salado,El Vivero,350,bosque tropical subcaducifolio
2002,Artibeus jamaicensis,ANP El Salado,El Vivero,350,bosque tropical subcaducifolio
2002,Glossophaga mutica,ANP El Salado,El Vivero,350,bosque tropical subcaducifolio
2002,Glossophaga mutica,ANP El Salado,El Vivero,350,bosque tropical subcaducifolio
2002,Artibeus jamaicensis,ANP El Salado,El Vivero,350,bosque tropical subcaducifolio
2002,Artibeus jamaicensis,ANP El Salado,El Vivero,350,bosque tropical subcaducifolio
2002,Glossophaga mutica,ANP El Salado,El Vivero,350,bosque tropical subcaducifolio
2002,Glossophaga mutica,ANP El Salado,El Vivero,350,bosque tropical subcaducifolio
2002,Artibeus lituratus,ANP El Salado,El Vivero,350,bosque tropical subcaducifolio
2002,Artibeus jamaicensis,ANP El Salado,El Vivero,350,bosque tropical subcaducifolio
2002,Artibeus lituratus,ANP El Salado,El Vivero,350,bosque tropical subcaducifolio
2002,Artibeus jamaicensis,ANP El Salado,El Vivero,350,bosque tropical subcaducifolio
2002,Artibeus lituratus,ANP El Salado,El Vivero,350,bosque tropical subcaducifolio
2002,Glossophaga mutica,ANP El Salado,El Vivero,350,bosque tropical subcaducifolio
2002,Glossophaga mutica,ANP El Salado,El Vivero,350,bosque tropical subcaducifolio
2002,Glossophaga mutica,ANP El Salado,El Vivero,350,bosque tropical subcaducifolio
2002,Glossophaga mutica,ANP El Salado,El Vivero,350,bosque tropical subcaducifolio
2002,Glossophaga mutica,ANP El Salado,El Vivero,350,bosque tropical subcaducifolio
2002,Artibeus lituratus,ANP El Salado,El Vivero,350,bosque tropical subcaducifolio
2002,Glossophaga mutica,ANP El Salado,El Vivero,350,bosque tropical subcaducifolio
2002,Glossophaga mutica,ANP El Salado,El Vivero,350,bosque tropical subcaducifolio
2002,Glossophaga mutica,ANP El Salado,El Vivero,350,bosque tropical subcaducifolio
2002,Sturnira parvidens,ANP La Primavera,Los Guayabos,850,Riparia y encino
2002,Sturnira parvidens,ANP La Primavera,Los Guayabos,850,Riparia y encino
2002,Sturnira parvidens,ANP La Primavera,Los Guayabos,850,Riparia y encino
2002,Eptesicus fuscus,ANP La Primavera,Los Guayabos,850,Riparia y encino
2002,Eptesicus fuscus,ANP La Primavera,Los Guayabos,850,Riparia y encino
2002,Lasiurus frantzii,ANP La Primavera,Los Guayabos,850,Riparia y encino
2002,Sturnira hondurensis,ANP La Primavera,Los Guayabos,850,Riparia y encino
2002,Eptesicus fuscus,ANP La Primavera,Los Guayabos,850,Riparia y encino
2002,Myotis californicus,ANP La Primavera,Los Guayabos,850,Riparia y encino
2002,Sturnira parvidens,ANP La Primavera,Los Guayabos,850,Riparia y encino
2002,Eptesicus fuscus,ANP La Primavera,Los Guayabos,850,Riparia y encino
2002,Artibeus hirsutus,ANP La Primavera,Los Guayabos,850,Riparia y encino
2002,Lasiurus cinereus,ANP La Primavera,Los Guayabos,850,Riparia y encino
2002,Eptesicus fuscus,ANP La Primavera,Los Guayabos,850,Riparia y encino
2002,Sturnira parvidens,ANP La Primavera,Los Guayabos,850,Riparia y encino
2002,Lasiurus frantzii,ANP La Primavera,Los Guayabos,850,Riparia y encino
2002,Eptesicus fuscus,ANP La Primavera,Los Guayabos,850,Riparia y encino
2002,Myotis californicus,ANP La Primavera,Los Guayabos,850,Riparia y encino
2002,Macrotus waterhousii,ANP La Primavera,Los Guayabos,850,Riparia y encino
2002,Dermanura tolteca,ANP La Primavera,Los Guayabos,850,Riparia y encino
2002,Myotis californicus,ANP La Primavera,Cerritos Colorados,1358,Bosque de pino
2002,Tadarida brasiliensis,ANP La Primavera,Cerritos Colorados,1358,Bosque de pino
2002,Macrotus waterhousii,ANP La Primavera,Cerritos Colorados,1358,Bosque de pino
2002,Macrotus waterhousii,ANP La Primavera,Cerritos Colorados,1358,Bosque de pino
2002,Myotis californicus,ANP La Primavera,Cerritos Colorados,1358,Bosque de pino
2002,Macrotus waterhousii,ANP La Primavera,Cerritos Colorados,1358,Bosque de pino
2002,Sturnira parvidens,ANP La Primavera,Los Guayabos,850,Riparia y encino
2002,Sturnira parvidens,ANP La Primavera,Los Guayabos,850,Riparia y encino
2002,Sturnira parvidens,ANP La Primavera,Los Guayabos,850,Riparia y encino
2002,Sturnira parvidens,ANP La Primavera,Los Guayabos,850,Riparia y encino
2002,Sturnira parvidens,ANP La Primavera,Los Guayabos,850,Riparia y encino
2002,Sturnira parvidens,ANP La Primavera,Los Guayabos,850,Riparia y encino
2002,Dermanura tolteca,ANP La Primavera,Los Guayabos,850,Riparia y encino
2002,Eptesicus fuscus,ANP La Primavera,Los Guayabos,850,Riparia y encino
2002,Dermanura tolteca,ANP La Primavera,Los Guayabos,850,Riparia y encino
2002,Artibeus jamaicensis,ANP La Primavera,Los Guayabos,850,Riparia y encino
2002,Dermanura tolteca,ANP La Primavera,Los Guayabos,850,Riparia y encino
2002,Sturnira parvidens,ANP La Primavera,Los Guayabos,850,Riparia y encino
2002,Artibeus jamaicensis,ANP La Primavera,Los Guayabos,850,Riparia y encino
2002,Macrotus waterhousii,ANP La Primavera,Los Guayabos,850,Riparia y encino
2002,Macrotus waterhousii,ANP La Primavera,Los Guayabos,850,Riparia y encino
2002,Dermanura tolteca,ANP La Primavera,Los Guayabos,850,Riparia y encino
2002,Sturnira parvidens,ANP La Primavera,Los Guayabos,850,Riparia y encino
2002,Artibeus jamaicensis,ANP La Primavera,Los Guayabos,850,Riparia y encino
2002,Eptesicus fuscus,ANP La Primavera,Los Guayabos,850,Riparia y encino
2002,Sturnira parvidens,ANP La Primavera,Los Guayabos,850,Riparia y encino
2002,Eptesicus fuscus,ANP La Primavera,Los Guayabos,850,Riparia y encino
2002,Artibeus jamaicensis,ANP La Primavera,Los Guayabos,850,Riparia y encino
2002,Eptesicus fuscus,ANP La Primavera,Cerritos Colorados,1358,Bosque de pino
2002,Tadarida brasiliensis,ANP La Primavera,Cerritos Colorados,1358,Bosque de pino
2002,Macrotus waterhousii,ANP La Primavera,Cerritos Colorados,1358,Bosque de pino
2002,Artibeus lituratus,ANP El Salado,Las Higueras,235,Vegetación secundaria
2002,Artibeus lituratus,ANP El Salado,Las Higueras,235,Vegetación secundaria
2002,Artibeus lituratus,ANP El Salado,Las Higueras,235,Vegetación secundaria
2002,Dermanura phaeotis,ANP El Salado,Las Higueras,235,Vegetación secundaria
2002,Artibeus lituratus,ANP El Salado,Las Higueras,235,Vegetación secundaria
2002,Dermanura phaeotis,ANP El Salado,Las Higueras,235,Vegetación secundaria
2002,Artibeus lituratus,ANP El Salado,Las Higueras,235,Vegetación secundaria
2002,Artibeus lituratus,ANP El Salado,Las Higueras,235,Vegetación secundaria
2002,Glossophaga mutica,ANP El Salado,Las Higueras,235,Vegetación secundaria
2002,Glossophaga mutica,ANP El Salado,Las Higueras,235,Vegetación secundaria
2002,Dermanura phaeotis,ANP El Salado,Las Higueras,235,Vegetación secundaria
2002,Glossophaga mutica,ANP El Salado,Las Higueras,235,Vegetación secundaria
2002,Glossophaga mutica,ANP El Salado,Las Higueras,235,Vegetación secundaria
2002,Artibeus lituratus,ANP El Salado,Las Higueras,235,Vegetación secundaria
2002,Glossophaga mutica,ANP El Salado,Las Higueras,235,Vegetación secundaria
2002,Artibeus lituratus,ANP El Salado,Las Higueras,235,Vegetación secundaria
2002,Artibeus lituratus,ANP El Salado,Las Higueras,235,Vegetación secundaria
2002,Artibeus lituratus,ANP El Salado,Las Higueras,235,Vegetación secundaria
2002,Artibeus lituratus,ANP El Salado,Las Higueras,235,Vegetación secundaria
2002,Artibeus lituratus,ANP El Salado,Las Higueras,235,Vegetación secundaria
2002,Artibeus lituratus,ANP El Salado,Las Higueras,235,Vegetación secundaria
2002,Artibeus lituratus,ANP El Salado,Las Higueras,235,Vegetación secundaria
2002,Artibeus jamaicensis,ANP El Salado,Las Higueras,235,Vegetación secundaria
2002,Artibeus jamaicensis,ANP El Salado,Las Higueras,235,Vegetación secundaria
2002,Artibeus jamaicensis,ANP El Salado,Las Higueras,235,Vegetación secundaria
2002,Artibeus lituratus,ANP El Salado,Las Higueras,235,Vegetación secundaria
2002,Artibeus lituratus,ANP El Salado,Las Higueras,235,Vegetación secundaria
2002,Artibeus lituratus,ANP El Salado,Las Higueras,235,Vegetación secundaria
2002,Artibeus lituratus,ANP El Salado,Las Higueras,235,Vegetación secundaria
2002,Glossophaga mutica,ANP El Salado,Las Higueras,235,Vegetación secundaria
2002,Glossophaga mutica,ANP El Salado,Las Higueras,235,Vegetación secundaria
2002,Artibeus lituratus,ANP El Salado,Las Higueras,235,Vegetación secundaria
2002,Artibeus lituratus,ANP El Salado,Las Higueras,235,Vegetación secundaria
2002,Artibeus lituratus,ANP El Salado,Las Higueras,235,Vegetación secundaria
2002,Artibeus lituratus,ANP El Salado,Las Higueras,235,Vegetación secundaria
2002,Glossophaga mutica,ANP El Salado,Las Higueras,235,Vegetación secundaria
2002,Artibeus lituratus,ANP El Salado,Las Higueras,235,Vegetación secundaria
2002,Artibeus lituratus,ANP El Salado,Las Higueras,235,Vegetación secundaria
2002,Artibeus lituratus,ANP El Salado,Las Higueras,235,Vegetación secundaria
2002,Glossophaga mutica,ANP El Salado,Las Higueras,235,Vegetación secundaria
2002,Artibeus lituratus,ANP El Salado,Las Higueras,235,Vegetación secundaria
2002,Artibeus jamaicensis,ANP El Salado,Las Higueras,235,Vegetación secundaria
2002,Artibeus lituratus,ANP El Salado,Las Higueras,235,Vegetación secundaria
2002,Artibeus lituratus,ANP El Salado,Las Higueras,235,Vegetación secundaria
2002,Artibeus lituratus,ANP El Salado,Las Higueras,235,Vegetación secundaria
2002,Artibeus lituratus,ANP El Salado,Las Higueras,235,Vegetación secundaria
2002,Glossophaga mutica,ANP El Salado,Las Higueras,235,Vegetación secundaria
2002,Artibeus jamaicensis,ANP El Salado,Las Higueras,235,Vegetación secundaria
2002,Artibeus lituratus,ANP El Salado,Las Higueras,235,Vegetación secundaria
2002,Glossophaga mutica,ANP El Salado,Las Higueras,235,Vegetación secundaria
2002,Glossophaga mutica,ANP El Salado,Las Higueras,235,Vegetación secundaria
2002,Glossophaga mutica,ANP El Salado,Las Higueras,235,Vegetación secundaria
2002,Artibeus jamaicensis,ANP El Salado,Las Higueras,235,Vegetación secundaria
2002,Artibeus lituratus,ANP El Salado,Las Higueras,235,Vegetación secundaria
2002,Glossophaga mutica,ANP El Salado,Las Higueras,235,Vegetación secundaria
2002,Artibeus lituratus,ANP El Salado,Las Higueras,235,Vegetación secundaria
2002,Dermanura phaeotis,ANP El Salado,Las Higueras,235,Vegetación secundaria
2002,Artibeus lituratus,ANP El Salado,Las Higueras,235,Vegetación secundaria
2002,Artibeus lituratus,ANP El Salado,Las Higueras,235,Vegetación secundaria
2002,Artibeus jamaicensis,ANP El Salado,Las Higueras,235,Vegetación secundaria
2002,Glossophaga mutica,ANP El Salado,Las Higueras,235,Vegetación secundaria
2002,Artibeus lituratus,ANP El Salado,Las Higueras,235,Vegetación secundaria
2002,Glossophaga mutica,ANP El Salado,Las Higueras,235,Vegetación secundaria
2002,Glossophaga mutica,ANP El Salado,Las Higueras,235,Vegetación secundaria
2002,Artibeus jamaicensis,ANP El Salado,Las Higueras,235,Vegetación secundaria
2002,Artibeus lituratus,ANP El Salado,Las Higueras,235,Vegetación secundaria
2002,Artibeus lituratus,ANP El Salado,Las Higueras,235,Vegetación secundaria
2002,Artibeus lituratus,ANP El Salado,Las Higueras,235,Vegetación secundaria
2002,Artibeus lituratus,ANP El Salado,Las Higueras,235,Vegetación secundaria
2002,Artibeus lituratus,ANP El Salado,Las Higueras,235,Vegetación secundaria
2002,Artibeus jamaicensis,ANP El Salado,Las Higueras,235,Vegetación secundaria
2002,Artibeus lituratus,ANP El Salado,Las Higueras,235,Vegetación secundaria
2002,Rhogeessa parvula,ANP El Salado,Las Higueras,235,Vegetación secundaria
2002,Artibeus lituratus,ANP El Salado,Las Higueras,235,Vegetación secundaria
2002,Artibeus jamaicensis,ANP El Salado,Las Higueras,235,Vegetación secundaria
2002,Artibeus lituratus,ANP El Salado,Las Higueras,235,Vegetación secundaria
2002,Artibeus lituratus,ANP El Salado,Las Higueras,235,Vegetación secundaria
2002,Artibeus lituratus,ANP El Salado,Las Higueras,235,Vegetación secundaria
2002,Artibeus lituratus,ANP El Salado,Las Higueras,235,Vegetación secundaria
2002,Glossophaga mutica,ANP El Salado,Las Higueras,235,Vegetación secundaria
2002,Artibeus lituratus,ANP El Salado,Las Higueras,235,Vegetación secundaria
2002,Artibeus lituratus,ANP El Salado,Las Higueras,235,Vegetación secundaria
2002,Glossophaga mutica,ANP El Salado,Las Higueras,235,Vegetación secundaria
2002,Glossophaga mutica,ANP El Salado,Las Higueras,235,Vegetación secundaria
2002,Glossophaga mutica,ANP El Salado,Las Higueras,235,Vegetación secundaria
2002,Artibeus lituratus,ANP El Salado,Las Higueras,235,Vegetación secundaria
2002,Artibeus jamaicensis,ANP El Salado,Las Higueras,235,Vegetación secundaria
2002,Artibeus lituratus,ANP El Salado,Las Higueras,235,Vegetación secundaria
2002,Artibeus lituratus,ANP El Salado,Las Higueras,235,Vegetación secundaria
2002,Artibeus jamaicensis,ANP El Salado,Las Higueras,235,Vegetación secundaria
2002,Artibeus lituratus,ANP El Salado,Las Higueras,235,Vegetación secundaria
2002,Glossophaga mutica,ANP El Salado,Las Higueras,235,Vegetación secundaria
2002,Artibeus lituratus,ANP El Salado,Las Higueras,235,Vegetación secundaria
2002,Artibeus lituratus,ANP El Salado,Las Higueras,235,Vegetación secundaria
2002,Artibeus lituratus,ANP El Salado,Las Higueras,235,Vegetación secundaria
2002,Artibeus lituratus,ANP El Salado,El Vivero,350,bosque tropical subcaducifolio
2002,Artibeus lituratus,ANP El Salado,El Vivero,350,bosque tropical subcaducifolio
2002,Artibeus lituratus,ANP El Salado,El Vivero,350,bosque tropical subcaducifolio
2002,Rhogeessa parvula,ANP El Salado,El Vivero,350,bosque tropical subcaducifolio
2002,Artibeus jamaicensis,ANP El Salado,El Vivero,350,bosque tropical subcaducifolio
2002,Artibeus jamaicensis,ANP El Salado,El Vivero,350,bosque tropical subcaducifolio
2002,Artibeus jamaicensis,ANP El Salado,El Vivero,350,bosque tropical subcaducifolio
2002,Artibeus lituratus,ANP El Salado,El Vivero,350,bosque tropical subcaducifolio
2002,Artibeus lituratus,ANP El Salado,El Vivero,350,bosque tropical subcaducifolio
2002,Dermanura phaeotis,ANP El Salado,El Vivero,350,bosque tropical subcaducifolio
2002,Artibeus lituratus,ANP El Salado,El Vivero,350,bosque tropical subcaducifolio
2002,Artibeus lituratus,ANP El Salado,El Vivero,350,bosque tropical subcaducifolio
2002,Artibeus lituratus,ANP El Salado,El Vivero,350,bosque tropical subcaducifolio
2002,Dermanura phaeotis,ANP El Salado,El Vivero,350,bosque tropical subcaducifolio
2002,Glossophaga mutica,ANP El Salado,El Vivero,350,bosque tropical subcaducifolio
2002,Artibeus lituratus,ANP El Salado,El Vivero,350,bosque tropical subcaducifolio
2002,Dermanura phaeotis,ANP El Salado,El Vivero,350,bosque tropical subcaducifolio
2002,Glossophaga mutica,ANP El Salado,El Vivero,350,bosque tropical subcaducifolio
2002,Artibeus lituratus,ANP El Salado,El Vivero,350,bosque tropical subcaducifolio
2002,Glossophaga mutica,ANP El Salado,El Vivero,350,bosque tropical subcaducifolio
2002,Glossophaga mutica,ANP El Salado,El Vivero,350,bosque tropical subcaducifolio
2002,Glossophaga mutica,ANP El Salado,El Vivero,350,bosque tropical subcaducifolio
2002,Glossophaga mutica,ANP El Salado,El Vivero,350,bosque tropical subcaducifolio
2002,Glossophaga mutica,ANP El Salado,El Vivero,350,bosque tropical subcaducifolio
2002,Dermanura phaeotis,ANP El Salado,El Vivero,350,bosque tropical subcaducifolio
2002,Glossophaga mutica,ANP El Salado,El Vivero,350,bosque tropical subcaducifolio
2002,Rhogeessa parvula,ANP El Salado,El Vivero,350,bosque tropical subcaducifolio
2002,Artibeus lituratus,ANP El Salado,El Vivero,350,bosque tropical subcaducifolio
2002,Glossophaga mutica,ANP El Salado,El Vivero,350,bosque tropical subcaducifolio
2002,Artibeus lituratus,ANP El Salado,El Vivero,350,bosque tropical subcaducifolio
2002,Artibeus lituratus,ANP El Salado,El Vivero,350,bosque tropical subcaducifolio
2002,Glossophaga mutica,ANP El Salado,El Vivero,350,bosque tropical subcaducifolio
2002,Glossophaga mutica,ANP El Salado,El Vivero,350,bosque tropical subcaducifolio
2002,Glossophaga mutica,ANP El Salado,El Vivero,350,bosque tropical subcaducifolio
2002,Artibeus lituratus,ANP El Salado,El Vivero,350,bosque tropical subcaducifolio
2002,Glossophaga mutica,ANP El Salado,El Vivero,350,bosque tropical subcaducifolio
2002,Artibeus lituratus,ANP El Salado,El Vivero,350,bosque tropical subcaducifolio
2002,Glossophaga mutica,ANP El Salado,El Vivero,350,bosque tropical subcaducifolio
2002,Glossophaga mutica,ANP El Salado,El Vivero,350,bosque tropical subcaducifolio
2002,Artibeus lituratus,ANP El Salado,El Vivero,350,bosque tropical subcaducifolio
2002,Glossophaga mutica,ANP El Salado,El Vivero,350,bosque tropical subcaducifolio
2002,Artibeus jamaicensis,ANP El Salado,El Vivero,350,bosque tropical subcaducifolio
2002,Glossophaga mutica,ANP El Salado,El Vivero,350,bosque tropical subcaducifolio
2002,Glossophaga mutica,ANP El Salado,El Vivero,350,bosque tropical subcaducifolio
2002,Glossophaga mutica,ANP El Salado,El Vivero,350,bosque tropical subcaducifolio
2002,Glossophaga mutica,ANP El Salado,El Vivero,350,bosque tropical subcaducifolio
2002,Artibeus lituratus,ANP El Salado,El Vivero,350,bosque tropical subcaducifolio
2002,Artibeus lituratus,ANP El Salado,El Vivero,350,bosque tropical subcaducifolio
2002,Artibeus lituratus,ANP El Salado,El Vivero,350,bosque tropical subcaducifolio
2002,Glossophaga mutica,ANP El Salado,El Vivero,350,bosque tropical subcaducifolio
2002,Glossophaga mutica,ANP El Salado,El Vivero,350,bosque tropical subcaducifolio
2002,Artibeus lituratus,ANP El Salado,El Vivero,350,bosque tropical subcaducifolio
2002,Glossophaga mutica,ANP El Salado,El Vivero,350,bosque tropical subcaducifolio
2002,Glossophaga mutica,ANP El Salado,El Vivero,350,bosque tropical subcaducifolio
2002,Artibeus jamaicensis,ANP El Salado,El Vivero,350,bosque tropical subcaducifolio
2002,Dermanura phaeotis,ANP El Salado,El Vivero,350,bosque tropical subcaducifolio
2002,Glossophaga mutica,ANP El Salado,El Vivero,350,bosque tropical subcaducifolio
2002,Artibeus jamaicensis,ANP El Salado,El Vivero,350,bosque tropical subcaducifolio
2002,Artibeus lituratus,ANP El Salado,El Vivero,350,bosque tropical subcaducifolio
2002,Glossophaga mutica,ANP El Salado,El Vivero,350,bosque tropical subcaducifolio
2002,Artibeus jamaicensis,ANP El Salado,El Vivero,350,bosque tropical subcaducifolio
2002,Glossophaga mutica,ANP El Salado,El Vivero,350,bosque tropical subcaducifolio
2002,Artibeus lituratus,ANP El Salado,El Vivero,350,bosque tropical subcaducifolio
2002,Artibeus jamaicensis,ANP El Salado,El Vivero,350,bosque tropical subcaducifolio
2002,Artibeus lituratus,ANP El Salado,El Vivero,350,bosque tropical subcaducifolio
2002,Artibeus lituratus,ANP El Salado,El Vivero,350,bosque tropical subcaducifolio
2002,Artibeus lituratus,ANP El Salado,El Vivero,350,bosque tropical subcaducifolio
2002,Glossophaga mutica,ANP El Salado,El Vivero,350,bosque tropical subcaducifolio
2002,Dermanura phaeotis,ANP El Salado,El Vivero,350,bosque tropical subcaducifolio
2002,Artibeus lituratus,ANP El Salado,El Vivero,350,bosque tropical subcaducifolio
2002,Artibeus lituratus,ANP El Salado,El Vivero,350,bosque tropical subcaducifolio
2002,Artibeus lituratus,ANP El Salado,El Vivero,350,bosque tropical subcaducifolio
2002,Artibeus lituratus,ANP El Salado,El Vivero,350,bosque tropical subcaducifolio
2002,Dermanura phaeotis,ANP El Salado,El Vivero,350,bosque tropical subcaducifolio
2002,Pteronotus fulvus,ANP El Salado,El Vivero,350,bosque tropical subcaducifolio
2002,Dermanura phaeotis,ANP El Salado,El Vivero,350,bosque tropical subcaducifolio
2002,Dermanura phaeotis,ANP El Salado,El Vivero,350,bosque tropical subcaducifolio
2002,Artibeus lituratus,ANP El Salado,El Vivero,350,bosque tropical subcaducifolio
2002,Artibeus lituratus,ANP El Salado,El Vivero,350,bosque tropical subcaducifolio
2002,Artibeus jamaicensis,ANP El Salado,El Vivero,350,bosque tropical subcaducifolio
2002,Dermanura tolteca,ANP El Salado,El Vivero,350,bosque tropical subcaducifolio
2002,Glossophaga mutica,ANP El Salado,El Vivero,350,bosque tropical subcaducifolio
2002,Artibeus lituratus,ANP El Salado,El Vivero,350,bosque tropical subcaducifolio
2002,Artibeus lituratus,ANP El Salado,El Vivero,350,bosque tropical subcaducifolio
2002,Artibeus jamaicensis,ANP El Salado,El Vivero,350,bosque tropical subcaducifolio
2002,Artibeus lituratus,ANP El Salado,El Vivero,350,bosque tropical subcaducifolio
2002,Artibeus lituratus,ANP El Salado,El Vivero,350,bosque tropical subcaducifolio
2002,Artibeus lituratus,ANP El Salado,El Vivero,350,bosque tropical subcaducifolio
2002,Artibeus lituratus,ANP El Salado,El Vivero,350,bosque tropical subcaducifolio
2002,Artibeus lituratus,ANP El Salado,El Vivero,350,bosque tropical subcaducifolio
2002,Artibeus jamaicensis,ANP El Salado,El Vivero,350,bosque tropical subcaducifolio
2002,Glossophaga mutica,ANP El Salado,El Vivero,350,bosque tropical subcaducifolio
2002,Artibeus jamaicensis,ANP El Salado,El Vivero,350,bosque tropical subcaducifolio
2002,Glossophaga mutica,ANP El Salado,El Vivero,350,bosque tropical subcaducifolio
2002,Artibeus lituratus,ANP El Salado,El Vivero,350,bosque tropical subcaducifolio
2002,Artibeus lituratus,ANP El Salado,El Vivero,350,bosque tropical subcaducifolio
2002,Artibeus lituratus,ANP El Salado,El Vivero,350,bosque tropical subcaducifolio
2002,Glossophaga mutica,ANP El Salado,El Vivero,350,bosque tropical subcaducifolio
2002,Glossophaga mutica,ANP El Salado,El Vivero,350,bosque tropical subcaducifolio
2002,Artibeus jamaicensis,ANP El Salado,El Vivero,350,bosque tropical subcaducifolio
2002,Artibeus jamaicensis,ANP El Salado,El Vivero,350,bosque tropical subcaducifolio
2002,Glossophaga mutica,ANP El Salado,El Vivero,350,bosque tropical subcaducifolio
2002,Artibeus jamaicensis,ANP El Salado,El Vivero,350,bosque tropical subcaducifolio
2002,Glossophaga mutica,ANP El Salado,El Vivero,350,bosque tropical subcaducifolio
2002,Artibeus jamaicensis,ANP El Salado,El Vivero,350,bosque tropical subcaducifolio
2002,Artibeus jamaicensis,ANP El Salado,El Vivero,350,bosque tropical subcaducifolio
2002,Artibeus lituratus,ANP El Salado,El Vivero,350,bosque tropical subcaducifolio
2002,Artibeus lituratus,ANP El Salado,El Vivero,350,bosque tropical subcaducifolio
2002,Artibeus lituratus,ANP El Salado,El Vivero,350,bosque tropical subcaducifolio
2002,Glossophaga mutica,ANP El Salado,El Vivero,350,bosque tropical subcaducifolio
2002,Glossophaga mutica,ANP El Salado,El Vivero,350,bosque tropical subcaducifolio
2002,Artibeus lituratus,ANP El Salado,El Vivero,350,bosque tropical subcaducifolio
2002,Artibeus lituratus,ANP El Salado,El Vivero,350,bosque tropical subcaducifolio
2002,Glossophaga mutica,ANP El Salado,El Vivero,350,bosque tropical subcaducifolio
2002,Artibeus jamaicensis,ANP El Salado,El Vivero,350,bosque tropical subcaducifolio
2002,Artibeus lituratus,ANP El Salado,El Vivero,350,bosque tropical subcaducifolio
2002,Dermanura phaeotis,ANP El Salado,El Vivero,350,bosque tropical subcaducifolio
2002,Glossophaga mutica,ANP El Salado,El Vivero,350,bosque tropical subcaducifolio
2002,Artibeus lituratus,ANP El Salado,El Vivero,350,bosque tropical subcaducifolio
2002,Dermanura phaeotis,ANP El Salado,El Vivero,350,bosque tropical subcaducifolio
2002,Glossophaga mutica,ANP El Salado,El Vivero,350,bosque tropical subcaducifolio
2002,Artibeus lituratus,ANP El Salado,El Vivero,350,bosque tropical subcaducifolio
2002,Glossophaga mutica,ANP El Salado,El Vivero,350,bosque tropical subcaducifolio
2002,Glossophaga mutica,ANP El Salado,El Vivero,350,bosque tropical subcaducifolio
2002,Artibeus lituratus,ANP El Salado,El Vivero,350,bosque tropical subcaducifolio
2002,Glossophaga mutica,ANP El Salado,El Vivero,350,bosque tropical subcaducifolio
2002,Artibeus jamaicensis,ANP El Salado,El Vivero,350,bosque tropical subcaducifolio
2002,Artibeus lituratus,ANP El Salado,El Vivero,350,bosque tropical subcaducifolio
2002,Glossophaga mutica,ANP El Salado,El Vivero,350,bosque tropical subcaducifolio
2002,Artibeus jamaicensis,ANP El Salado,El Vivero,350,bosque tropical subcaducifolio
2002,Glossophaga mutica,ANP El Salado,El Vivero,350,bosque tropical subcaducifolio
2002,Artibeus lituratus,ANP El Salado,El Vivero,350,bosque tropical subcaducifolio
2002,Glossophaga mutica,ANP El Salado,El Vivero,350,bosque tropical subcaducifolio
2002,Artibeus lituratus,ANP El Salado,El Vivero,350,bosque tropical subcaducifolio
2002,Artibeus lituratus,ANP El Salado,El Vivero,350,bosque tropical subcaducifolio
2002,Glossophaga mutica,ANP El Salado,El Vivero,350,bosque tropical subcaducifolio
2002,Artibeus lituratus,ANP El Salado,El Vivero,350,bosque tropical subcaducifolio
2002,Artibeus jamaicensis,ANP El Salado,El Vivero,350,bosque tropical subcaducifolio
2002,Myotis thysanodes,ANP La Primavera,Cerritos Colorados,1358,Bosque de pino
2002,Macrotus waterhousii,ANP La Primavera,Cerritos Colorados,1358,Bosque de pino
2002,Macrotus waterhousii,ANP La Primavera,Cerritos Colorados,1358,Bosque de pino
2002,Macrotus waterhousii,ANP La Primavera,Cerritos Colorados,1358,Bosque de pino
2002,Tadarida brasiliensis,ANP La Primavera,Cerritos Colorados,1358,Bosque de pino
2002,Sturnira parvidens,ANP La Primavera,Los Guayabos,850,Riparia y encino
2002,Sturnira parvidens,ANP La Primavera,Los Guayabos,850,Riparia y encino
2002,Sturnira parvidens,ANP La Primavera,Los Guayabos,850,Riparia y encino
2002,Eptesicus fuscus,ANP La Primavera,Los Guayabos,850,Riparia y encino
2002,Eptesicus fuscus,ANP La Primavera,Los Guayabos,850,Riparia y encino
2002,Sturnira parvidens,ANP La Primavera,Los Guayabos,850,Riparia y encino
2002,Artibeus jamaicensis,ANP La Primavera,Los Guayabos,850,Riparia y encino
2002,Eptesicus fuscus,ANP La Primavera,Los Guayabos,850,Riparia y encino
2002,Sturnira parvidens,ANP La Primavera,Los Guayabos,850,Riparia y encino
2002,Sturnira parvidens,ANP La Primavera,Los Guayabos,850,Riparia y encino
2002,Artibeus hirsutus,ANP La Primavera,Los Guayabos,850,Riparia y encino
2002,Artibeus jamaicensis,ANP La Primavera,Los Guayabos,850,Riparia y encino
2002,Sturnira parvidens,ANP La Primavera,Los Guayabos,850,Riparia y encino
2002,Eptesicus fuscus,ANP La Primavera,Los Guayabos,850,Riparia y encino
2002,Sturnira parvidens,ANP La Primavera,Los Guayabos,850,Riparia y encino
2002,Sturnira parvidens,ANP La Primavera,Los Guayabos,850,Riparia y encino
2002,Sturnira parvidens,ANP La Primavera,Los Guayabos,850,Riparia y encino
2002,Eptesicus fuscus,ANP La Primavera,Los Guayabos,850,Riparia y encino
2002,Sturnira parvidens,ANP La Primavera,Los Guayabos,850,Riparia y encino
2002,Eptesicus fuscus,ANP La Primavera,Los Guayabos,850,Riparia y encino
2002,Eptesicus fuscus,ANP La Primavera,Los Guayabos,850,Riparia y encino
2002,Artibeus hirsutus,ANP La Primavera,Los Guayabos,850,Riparia y encino
2002,Sturnira parvidens,ANP La Primavera,Los Guayabos,850,Riparia y encino
2002,Sturnira parvidens,ANP La Primavera,Los Guayabos,850,Riparia y encino
2002,Sturnira parvidens,ANP La Primavera,Los Guayabos,850,Riparia y encino
2002,Sturnira parvidens,ANP La Primavera,Los Guayabos,850,Riparia y encino
2002,Artibeus jamaicensis,ANP La Primavera,Los Guayabos,850,Riparia y encino
2002,Eptesicus fuscus,ANP La Primavera,Los Guayabos,850,Riparia y encino
2002,Sturnira parvidens,ANP La Primavera,Los Guayabos,850,Riparia y encino
2002,Dermanura tolteca,ANP La Primavera,Los Guayabos,850,Riparia y encino
2002,Sturnira parvidens,ANP La Primavera,Los Guayabos,850,Riparia y encino
2002,Artibeus jamaicensis,ANP La Primavera,Los Guayabos,850,Riparia y encino
2002,Sturnira parvidens,ANP La Primavera,Los Guayabos,850,Riparia y encino
2002,Sturnira parvidens,ANP La Primavera,Los Guayabos,850,Riparia y encino
2002,Eptesicus fuscus,ANP La Primavera,Los Guayabos,850,Riparia y encino
2002,Artibeus lituratus,ANP El Salado,Las Higueras,235,Vegetación secundaria
2002,Artibeus lituratus,ANP El Salado,Las Higueras,235,Vegetación secundaria
2002,Glossophaga mutica,ANP El Salado,Las Higueras,235,Vegetación secundaria
2002,Glossophaga mutica,ANP El Salado,Las Higueras,235,Vegetación secundaria
2002,Glossophaga mutica,ANP El Salado,Las Higueras,235,Vegetación secundaria
2002,Dermanura phaeotis,ANP El Salado,Las Higueras,235,Vegetación secundaria
2002,Artibeus lituratus,ANP El Salado,Las Higueras,235,Vegetación secundaria
2002,Glossophaga mutica,ANP El Salado,Las Higueras,235,Vegetación secundaria
2002,Glossophaga mutica,ANP El Salado,Las Higueras,235,Vegetación secundaria
2002,Dermanura phaeotis,ANP El Salado,Las Higueras,235,Vegetación secundaria
2002,Artibeus lituratus,ANP El Salado,Las Higueras,235,Vegetación secundaria
2002,Artibeus lituratus,ANP El Salado,Las Higueras,235,Vegetación secundaria
2002,Artibeus lituratus,ANP El Salado,Las Higueras,235,Vegetación secundaria
2002,Artibeus jamaicensis,ANP El Salado,Las Higueras,235,Vegetación secundaria
2002,Artibeus lituratus,ANP El Salado,Las Higueras,235,Vegetación secundaria
2002,Artibeus lituratus,ANP El Salado,Las Higueras,235,Vegetación secundaria
2002,Glossophaga mutica,ANP El Salado,Las Higueras,235,Vegetación secundaria
2002,Glossophaga mutica,ANP El Salado,Las Higueras,235,Vegetación secundaria
2002,Glossophaga mutica,ANP El Salado,Las Higueras,235,Vegetación secundaria
2002,Dermanura phaeotis,ANP El Salado,Las Higueras,235,Vegetación secundaria
2002,Artibeus jamaicensis,ANP El Salado,Las Higueras,235,Vegetación secundaria
2002,Dermanura phaeotis,ANP El Salado,Las Higueras,235,Vegetación secundaria
2002,Glossophaga mutica,ANP El Salado,Las Higueras,235,Vegetación secundaria
2002,Glossophaga mutica,ANP El Salado,Las Higueras,235,Vegetación secundaria
2002,Glossophaga mutica,ANP El Salado,Las Higueras,235,Vegetación secundaria
2002,Artibeus jamaicensis,ANP El Salado,Las Higueras,235,Vegetación secundaria
2002,Artibeus lituratus,ANP El Salado,Las Higueras,235,Vegetación secundaria
2002,Artibeus lituratus,ANP El Salado,Las Higueras,235,Vegetación secundaria
2002,Artibeus lituratus,ANP El Salado,Las Higueras,235,Vegetación secundaria
2002,Artibeus lituratus,ANP El Salado,Las Higueras,235,Vegetación secundaria
2002,Artibeus lituratus,ANP El Salado,Las Higueras,235,Vegetación secundaria
2002,Dermanura phaeotis,ANP El Salado,Las Higueras,235,Vegetación secundaria
2002,Artibeus jamaicensis,ANP El Salado,Las Higueras,235,Vegetación secundaria
2002,Artibeus lituratus,ANP El Salado,Las Higueras,235,Vegetación secundaria
2002,Artibeus lituratus,ANP El Salado,Las Higueras,235,Vegetación secundaria
2002,Artibeus lituratus,ANP El Salado,Las Higueras,235,Vegetación secundaria
2002,Artibeus lituratus,ANP El Salado,Las Higueras,235,Vegetación secundaria
2002,Artibeus jamaicensis,ANP El Salado,Las Higueras,235,Vegetación secundaria
2002,Artibeus lituratus,ANP El Salado,Las Higueras,235,Vegetación secundaria
2002,Glossophaga mutica,ANP El Salado,Las Higueras,235,Vegetación secundaria
2002,Artibeus lituratus,ANP El Salado,Las Higueras,235,Vegetación secundaria
2002,Glossophaga mutica,ANP El Salado,Las Higueras,235,Vegetación secundaria
2002,Artibeus jamaicensis,ANP El Salado,Las Higueras,235,Vegetación secundaria
2002,Artibeus lituratus,ANP El Salado,Las Higueras,235,Vegetación secundaria
2002,Artibeus lituratus,ANP El Salado,Las Higueras,235,Vegetación secundaria
2002,Artibeus lituratus,ANP El Salado,Las Higueras,235,Vegetación secundaria
2002,Glossophaga mutica,ANP El Salado,Las Higueras,235,Vegetación secundaria
2002,Glossophaga mutica,ANP El Salado,Las Higueras,235,Vegetación secundaria
2002,Artibeus lituratus,ANP El Salado,Las Higueras,235,Vegetación secundaria
2002,Glossophaga mutica,ANP El Salado,Las Higueras,235,Vegetación secundaria
2002,Artibeus lituratus,ANP El Salado,Las Higueras,235,Vegetación secundaria
2002,Artibeus jamaicensis,ANP El Salado,Las Higueras,235,Vegetación secundaria
2002,Artibeus lituratus,ANP El Salado,Las Higueras,235,Vegetación secundaria
2002,Artibeus lituratus,ANP El Salado,Las Higueras,235,Vegetación secundaria
2002,Artibeus lituratus,ANP El Salado,Las Higueras,235,Vegetación secundaria
2002,Artibeus jamaicensis,ANP El Salado,Las Higueras,235,Vegetación secundaria
2002,Artibeus lituratus,ANP El Salado,Las Higueras,235,Vegetación secundaria
2002,Artibeus lituratus,ANP El Salado,Las Higueras,235,Vegetación secundaria
2002,Artibeus lituratus,ANP El Salado,Las Higueras,235,Vegetación secundaria
2002,Artibeus lituratus,ANP El Salado,Las Higueras,235,Vegetación secundaria
2002,Artibeus lituratus,ANP El Salado,Las Higueras,235,Vegetación secundaria
2002,Artibeus jamaicensis,ANP El Salado,Las Higueras,235,Vegetación secundaria
2002,Artibeus jamaicensis,ANP El Salado,Las Higueras,235,Vegetación secundaria
2002,Artibeus lituratus,ANP El Salado,Las Higueras,235,Vegetación secundaria
2002,Artibeus lituratus,ANP El Salado,Las Higueras,235,Vegetación secundaria
2002,Artibeus lituratus,ANP El Salado,Las Higueras,235,Vegetación secundaria
2002,Artibeus jamaicensis,ANP El Salado,Las Higueras,235,Vegetación secundaria
2002,Artibeus lituratus,ANP El Salado,Las Higueras,235,Vegetación secundaria
2002,Artibeus lituratus,ANP El Salado,Las Higueras,235,Vegetación secundaria
2002,Artibeus lituratus,ANP El Salado,Las Higueras,235,Vegetación secundaria
2002,Artibeus lituratus,ANP El Salado,Las Higueras,235,Vegetación secundaria
2002,Artibeus lituratus,ANP El Salado,Las Higueras,235,Vegetación secundaria
2002,Artibeus lituratus,ANP El Salado,Las Higueras,235,Vegetación secundaria
2002,Artibeus lituratus,ANP El Salado,Las Higueras,235,Vegetación secundaria
2002,Artibeus lituratus,ANP El Salado,Las Higueras,235,Vegetación secundaria
2002,Artibeus lituratus,ANP El Salado,Las Higueras,235,Vegetación secundaria
2002,Artibeus lituratus,ANP El Salado,Las Higueras,235,Vegetación secundaria
2002,Artibeus lituratus,ANP El Salado,Las Higueras,235,Vegetación secundaria
2002,Artibeus lituratus,ANP El Salado,Las Higueras,235,Vegetación secundaria
2002,Artibeus lituratus,ANP El Salado,Las Higueras,235,Vegetación secundaria
2002,Artibeus lituratus,ANP El Salado,Las Higueras,235,Vegetación secundaria
2002,Artibeus lituratus,ANP El Salado,Las Higueras,235,Vegetación secundaria
2002,Artibeus jamaicensis,ANP El Salado,Las Higueras,235,Vegetación secundaria
2002,Artibeus lituratus,ANP El Salado,Las Higueras,235,Vegetación secundaria
2002,Artibeus lituratus,ANP El Salado,Las Higueras,235,Vegetación secundaria
2002,Artibeus lituratus,ANP El Salado,Las Higueras,235,Vegetación secundaria
2002,Artibeus lituratus,ANP El Salado,Las Higueras,235,Vegetación secundaria
2002,Artibeus lituratus,ANP El Salado,Las Higueras,235,Vegetación secundaria
2002,Artibeus lituratus,ANP El Salado,Las Higueras,235,Vegetación secundaria
2002,Artibeus lituratus,ANP El Salado,Las Higueras,235,Vegetación secundaria
2002,Artibeus lituratus,ANP El Salado,Las Higueras,235,Vegetación secundaria
2002,Artibeus lituratus,ANP El Salado,Las Higueras,235,Vegetación secundaria
2002,Artibeus lituratus,ANP El Salado,Las Higueras,235,Vegetación secundaria
2002,Artibeus lituratus,ANP El Salado,Las Higueras,235,Vegetación secundaria
2002,Artibeus lituratus,ANP El Salado,Las Higueras,235,Vegetación secundaria
2002,Dermanura phaeotis,ANP El Salado,Las Higueras,235,Vegetación secundaria
2002,Artibeus jamaicensis,ANP El Salado,Las Higueras,235,Vegetación secundaria
2002,Artibeus jamaicensis,ANP El Salado,Las Higueras,235,Vegetación secundaria
2002,Artibeus lituratus,ANP El Salado,Las Higueras,235,Vegetación secundaria
2002,Artibeus lituratus,ANP El Salado,Las Higueras,235,Vegetación secundaria
2002,Artibeus jamaicensis,ANP El Salado,Las Higueras,235,Vegetación secundaria
2002,Glossophaga mutica,ANP El Salado,Las Higueras,235,Vegetación secundaria
2002,Artibeus jamaicensis,ANP El Salado,Las Higueras,235,Vegetación secundaria
2002,Artibeus lituratus,ANP El Salado,Las Higueras,235,Vegetación secundaria
2002,Artibeus lituratus,ANP El Salado,Las Higueras,235,Vegetación secundaria
2002,Artibeus lituratus,ANP El Salado,Las Higueras,235,Vegetación secundaria
2002,Artibeus jamaicensis,ANP El Salado,Las Higueras,235,Vegetación secundaria
2002,Artibeus lituratus,ANP El Salado,Las Higueras,235,Vegetación secundaria
2002,Artibeus lituratus,ANP El Salado,Las Higueras,235,Vegetación secundaria
2002,Artibeus lituratus,ANP El Salado,Las Higueras,235,Vegetación secundaria
2002,Artibeus lituratus,ANP El Salado,Las Higueras,235,Vegetación secundaria
2002,Artibeus lituratus,ANP El Salado,Las Higueras,235,Vegetación secundaria
2002,Artibeus lituratus,ANP El Salado,Las Higueras,235,Vegetación secundaria
2002,Artibeus lituratus,ANP El Salado,Las Higueras,235,Vegetación secundaria
2002,Artibeus lituratus,ANP El Salado,Las Higueras,235,Vegetación secundaria
2002,Artibeus lituratus,ANP El Salado,Las Higueras,235,Vegetación secundaria
2002,Glossophaga mutica,ANP El Salado,Las Higueras,235,Vegetación secundaria
2002,Glossophaga mutica,ANP El Salado,Las Higueras,235,Vegetación secundaria
2002,Artibeus lituratus,ANP El Salado,Las Higueras,235,Vegetación secundaria
2002,Artibeus lituratus,ANP El Salado,El Vivero,350,bosque tropical subcaducifolio
2002,Glossophaga mutica,ANP El Salado,El Vivero,350,bosque tropical subcaducifolio
2002,Artibeus lituratus,ANP El Salado,El Vivero,350,bosque tropical subcaducifolio
2002,Glossophaga mutica,ANP El Salado,El Vivero,350,bosque tropical subcaducifolio
2002,Myotis fortidens,ANP El Salado,El Vivero,350,bosque tropical subcaducifolio
2002,Glossophaga mutica,ANP El Salado,El Vivero,350,bosque tropical subcaducifolio
2002,Artibeus lituratus,ANP El Salado,El Vivero,350,bosque tropical subcaducifolio
2002,Artibeus lituratus,ANP El Salado,El Vivero,350,bosque tropical subcaducifolio
2002,Dermanura phaeotis,ANP El Salado,El Vivero,350,bosque tropical subcaducifolio
2002,Rhogeessa parvula,ANP El Salado,El Vivero,350,bosque tropical subcaducifolio
2002,Artibeus jamaicensis,ANP El Salado,El Vivero,350,bosque tropical subcaducifolio
2002,Artibeus lituratus,ANP El Salado,El Vivero,350,bosque tropical subcaducifolio
2002,Artibeus lituratus,ANP El Salado,El Vivero,350,bosque tropical subcaducifolio
2002,Artibeus lituratus,ANP El Salado,El Vivero,350,bosque tropical subcaducifolio
2002,Artibeus jamaicensis,ANP El Salado,El Vivero,350,bosque tropical subcaducifolio
2002,Artibeus jamaicensis,ANP El Salado,El Vivero,350,bosque tropical subcaducifolio
2002,Artibeus jamaicensis,ANP El Salado,El Vivero,350,bosque tropical subcaducifolio
2002,Artibeus lituratus,ANP El Salado,El Vivero,350,bosque tropical subcaducifolio
2002,Glossophaga mutica,ANP El Salado,El Vivero,350,bosque tropical subcaducifolio
2002,Myotis fortidens,ANP El Salado,El Vivero,350,bosque tropical subcaducifolio
2002,Artibeus jamaicensis,ANP El Salado,El Vivero,350,bosque tropical subcaducifolio
2002,Glossophaga mutica,ANP El Salado,El Vivero,350,bosque tropical subcaducifolio
2002,Glossophaga mutica,ANP El Salado,El Vivero,350,bosque tropical subcaducifolio
2002,Artibeus lituratus,ANP El Salado,El Vivero,350,bosque tropical subcaducifolio
2002,Artibeus lituratus,ANP El Salado,El Vivero,350,bosque tropical subcaducifolio
2002,Glossophaga mutica,ANP El Salado,El Vivero,350,bosque tropical subcaducifolio
2002,Artibeus lituratus,ANP El Salado,El Vivero,350,bosque tropical subcaducifolio
2002,Artibeus lituratus,ANP El Salado,El Vivero,350,bosque tropical subcaducifolio
2002,Artibeus jamaicensis,ANP El Salado,El Vivero,350,bosque tropical subcaducifolio
2002,Artibeus lituratus,ANP El Salado,El Vivero,350,bosque tropical subcaducifolio
2002,Artibeus lituratus,ANP El Salado,El Vivero,350,bosque tropical subcaducifolio
2002,Artibeus lituratus,ANP El Salado,El Vivero,350,bosque tropical subcaducifolio
2002,Artibeus lituratus,ANP El Salado,El Vivero,350,bosque tropical subcaducifolio
2002,Artibeus lituratus,ANP El Salado,El Vivero,350,bosque tropical subcaducifolio
2002,Glossophaga mutica,ANP El Salado,El Vivero,350,bosque tropical subcaducifolio
2002,Artibeus lituratus,ANP El Salado,El Vivero,350,bosque tropical subcaducifolio
2002,Artibeus lituratus,ANP El Salado,El Vivero,350,bosque tropical subcaducifolio
2002,Dermanura phaeotis,ANP El Salado,El Vivero,350,bosque tropical subcaducifolio
2002,Artibeus lituratus,ANP El Salado,El Vivero,350,bosque tropical subcaducifolio
2002,Artibeus jamaicensis,ANP El Salado,El Vivero,350,bosque tropical subcaducifolio
2002,Artibeus lituratus,ANP El Salado,El Vivero,350,bosque tropical subcaducifolio
2002,Glossophaga mutica,ANP El Salado,El Vivero,350,bosque tropical subcaducifolio
2002,Artibeus lituratus,ANP El Salado,El Vivero,350,bosque tropical subcaducifolio
2002,Glossophaga mutica,ANP El Salado,El Vivero,350,bosque tropical subcaducifolio
2002,Artibeus lituratus,ANP El Salado,El Vivero,350,bosque tropical subcaducifolio
2002,Artibeus lituratus,ANP El Salado,El Vivero,350,bosque tropical subcaducifolio
2002,Artibeus lituratus,ANP El Salado,El Vivero,350,bosque tropical subcaducifolio
2002,Artibeus jamaicensis,ANP El Salado,El Vivero,350,bosque tropical subcaducifolio
2002,Glossophaga mutica,ANP El Salado,El Vivero,350,bosque tropical subcaducifolio
2002,Glossophaga mutica,ANP El Salado,El Vivero,350,bosque tropical subcaducifolio
2002,Glossophaga mutica,ANP El Salado,El Vivero,350,bosque tropical subcaducifolio
2002,Artibeus lituratus,ANP El Salado,El Vivero,350,bosque tropical subcaducifolio
2002,Artibeus jamaicensis,ANP El Salado,El Vivero,350,bosque tropical subcaducifolio
2002,Artibeus lituratus,ANP El Salado,El Vivero,350,bosque tropical subcaducifolio
2002,Artibeus lituratus,ANP El Salado,El Vivero,350,bosque tropical subcaducifolio
2002,Artibeus lituratus,ANP El Salado,El Vivero,350,bosque tropical subcaducifolio
2002,Artibeus lituratus,ANP El Salado,El Vivero,350,bosque tropical subcaducifolio
2002,Dermanura phaeotis,ANP El Salado,El Vivero,350,bosque tropical subcaducifolio
2002,Artibeus jamaicensis,ANP El Salado,El Vivero,350,bosque tropical subcaducifolio
2002,Artibeus lituratus,ANP El Salado,El Vivero,350,bosque tropical subcaducifolio
2002,Artibeus lituratus,ANP El Salado,El Vivero,350,bosque tropical subcaducifolio
2002,Artibeus jamaicensis,ANP El Salado,El Vivero,350,bosque tropical subcaducifolio
2002,Glossophaga mutica,ANP El Salado,El Vivero,350,bosque tropical subcaducifolio
2002,Artibeus lituratus,ANP El Salado,El Vivero,350,bosque tropical subcaducifolio
2002,Artibeus lituratus,ANP El Salado,El Vivero,350,bosque tropical subcaducifolio
2002,Artibeus lituratus,ANP El Salado,El Vivero,350,bosque tropical subcaducifolio
2002,Artibeus lituratus,ANP El Salado,El Vivero,350,bosque tropical subcaducifolio
2002,Artibeus lituratus,ANP El Salado,El Vivero,350,bosque tropical subcaducifolio
2002,Artibeus lituratus,ANP El Salado,El Vivero,350,bosque tropical subcaducifolio
2002,Glossophaga mutica,ANP El Salado,El Vivero,350,bosque tropical subcaducifolio
2002,Artibeus jamaicensis,ANP El Salado,El Vivero,350,bosque tropical subcaducifolio
2002,Artibeus lituratus,ANP El Salado,El Vivero,350,bosque tropical subcaducifolio
2002,Macrotus waterhousii,ANP La Primavera,Cerritos Colorados,1358,Bosque de pino
2002,Artibeus jamaicensis,ANP La Primavera,Los Guayabos,850,Riparia y encino
2002,Sturnira parvidens,ANP La Primavera,Los Guayabos,850,Riparia y encino
2002,Sturnira parvidens,ANP La Primavera,Los Guayabos,850,Riparia y encino
2002,Sturnira parvidens,ANP La Primavera,Los Guayabos,850,Riparia y encino
2002,Artibeus jamaicensis,ANP La Primavera,Los Guayabos,850,Riparia y encino
2002,Sturnira parvidens,ANP La Primavera,Los Guayabos,850,Riparia y encino
2002,Artibeus hirsutus,ANP La Primavera,Los Guayabos,850,Riparia y encino
2002,Sturnira parvidens,ANP La Primavera,Los Guayabos,850,Riparia y encino
2002,Eptesicus fuscus,ANP La Primavera,Los Guayabos,850,Riparia y encino
2002,Sturnira parvidens,ANP La Primavera,Los Guayabos,850,Riparia y encino
2002,Sturnira parvidens,ANP La Primavera,Los Guayabos,850,Riparia y encino
2002,Artibeus hirsutus,ANP La Primavera,Los Guayabos,850,Riparia y encino
2002,Sturnira parvidens,ANP La Primavera,Los Guayabos,850,Riparia y encino
2002,Sturnira parvidens,ANP La Primavera,Los Guayabos,850,Riparia y encino
2002,Artibeus jamaicensis,ANP La Primavera,Los Guayabos,850,Riparia y encino
2002,Artibeus hirsutus,ANP La Primavera,Los Guayabos,850,Riparia y encino
2002,Sturnira parvidens,ANP La Primavera,Los Guayabos,850,Riparia y encino
2002,Sturnira parvidens,ANP La Primavera,Los Guayabos,850,Riparia y encino
2002,Artibeus jamaicensis,ANP La Primavera,Los Guayabos,850,Riparia y encino
2002,Lasiurus cinereus,ANP La Primavera,Los Guayabos,850,Riparia y encino
2002,Sturnira hondurensis,ANP La Primavera,Los Guayabos,850,Riparia y encino
2002,Dermanura tolteca,ANP La Primavera,Los Guayabos,850,Riparia y encino
2002,Dermanura tolteca,ANP La Primavera,Los Guayabos,850,Riparia y encino
2002,Artibeus jamaicensis,ANP La Primavera,Los Guayabos,850,Riparia y encino
2002,Lasiurus frantzii,ANP La Primavera,Los Guayabos,850,Riparia y encino
2002,Eptesicus fuscus,ANP La Primavera,Los Guayabos,850,Riparia y encino
2002,Lasiurus frantzii,ANP La Primavera,Los Guayabos,850,Riparia y encino
2002,Desmodus rotundus,ANP La Primavera,Los Guayabos,850,Riparia y encino
2002,Dermanura tolteca,ANP La Primavera,Los Guayabos,850,Riparia y encino
2002,Macrotus waterhousii,ANP La Primavera,Los Guayabos,850,Riparia y encino
2002,Artibeus jamaicensis,ANP El Salado,Las Higueras,235,Vegetación secundaria
2002,Artibeus lituratus,ANP El Salado,Las Higueras,235,Vegetación secundaria
2002,Dermanura phaeotis,ANP El Salado,Las Higueras,235,Vegetación secundaria
2002,Artibeus lituratus,ANP El Salado,Las Higueras,235,Vegetación secundaria
2002,Artibeus lituratus,ANP El Salado,Las Higueras,235,Vegetación secundaria
2002,Artibeus lituratus,ANP El Salado,Las Higueras,235,Vegetación secundaria
2002,Artibeus lituratus,ANP El Salado,Las Higueras,235,Vegetación secundaria
2002,Artibeus lituratus,ANP El Salado,Las Higueras,235,Vegetación secundaria
2002,Artibeus lituratus,ANP El Salado,Las Higueras,235,Vegetación secundaria
2002,Artibeus lituratus,ANP El Salado,Las Higueras,235,Vegetación secundaria
2002,Artibeus lituratus,ANP El Salado,Las Higueras,235,Vegetación secundaria
2002,Artibeus jamaicensis,ANP El Salado,Las Higueras,235,Vegetación secundaria
2002,Artibeus lituratus,ANP El Salado,Las Higueras,235,Vegetación secundaria
2002,Artibeus lituratus,ANP El Salado,Las Higueras,235,Vegetación secundaria
2002,Artibeus lituratus,ANP El Salado,Las Higueras,235,Vegetación secundaria
2002,Artibeus lituratus,ANP El Salado,Las Higueras,235,Vegetación secundaria
2002,Artibeus jamaicensis,ANP El Salado,Las Higueras,235,Vegetación secundaria
2002,Leptonycteris yerbabuenae,ANP El Salado,Las Higueras,235,Vegetación secundaria
2002,Artibeus jamaicensis,ANP El Salado,Las Higueras,235,Vegetación secundaria
2002,Glossophaga mutica,ANP El Salado,Las Higueras,235,Vegetación secundaria
2002,Artibeus jamaicensis,ANP El Salado,Las Higueras,235,Vegetación secundaria
2002,Artibeus lituratus,ANP El Salado,Las Higueras,235,Vegetación secundaria
2002,Artibeus lituratus,ANP El Salado,Las Higueras,235,Vegetación secundaria
2002,Glossophaga mutica,ANP El Salado,Las Higueras,235,Vegetación secundaria
2002,Artibeus lituratus,ANP El Salado,Las Higueras,235,Vegetación secundaria
2002,Artibeus lituratus,ANP El Salado,Las Higueras,235,Vegetación secundaria
2002,Rhogeessa parvula,ANP El Salado,Las Higueras,235,Vegetación secundaria
2002,Artibeus jamaicensis,ANP El Salado,Las Higueras,235,Vegetación secundaria
2002,Artibeus lituratus,ANP El Salado,Las Higueras,235,Vegetación secundaria
2002,Artibeus lituratus,ANP El Salado,Las Higueras,235,Vegetación secundaria
2002,Artibeus lituratus,ANP El Salado,Las Higueras,235,Vegetación secundaria
2002,Artibeus lituratus,ANP El Salado,Las Higueras,235,Vegetación secundaria
2002,Artibeus lituratus,ANP El Salado,Las Higueras,235,Vegetación secundaria
2002,Artibeus lituratus,ANP El Salado,Las Higueras,235,Vegetación secundaria
2002,Artibeus lituratus,ANP El Salado,Las Higueras,235,Vegetación secundaria
2002,Artibeus lituratus,ANP El Salado,Las Higueras,235,Vegetación secundaria
2002,Artibeus lituratus,ANP El Salado,Las Higueras,235,Vegetación secundaria
2002,Artibeus jamaicensis,ANP El Salado,Las Higueras,235,Vegetación secundaria
2002,Artibeus lituratus,ANP El Salado,Las Higueras,235,Vegetación secundaria
2002,Artibeus jamaicensis,ANP El Salado,Las Higueras,235,Vegetación secundaria
2002,Artibeus lituratus,ANP El Salado,Las Higueras,235,Vegetación secundaria
2002,Artibeus jamaicensis,ANP El Salado,Las Higueras,235,Vegetación secundaria
2002,Artibeus lituratus,ANP El Salado,Las Higueras,235,Vegetación secundaria
2002,Artibeus lituratus,ANP El Salado,Las Higueras,235,Vegetación secundaria
2002,Artibeus lituratus,ANP El Salado,Las Higueras,235,Vegetación secundaria
2002,Artibeus lituratus,ANP El Salado,Las Higueras,235,Vegetación secundaria
2002,Artibeus lituratus,ANP El Salado,Las Higueras,235,Vegetación secundaria
2002,Glossophaga mutica,ANP El Salado,Las Higueras,235,Vegetación secundaria
2002,Artibeus lituratus,ANP El Salado,Las Higueras,235,Vegetación secundaria
2002,Artibeus lituratus,ANP El Salado,Las Higueras,235,Vegetación secundaria
2002,Artibeus lituratus,ANP El Salado,Las Higueras,235,Vegetación secundaria
2002,Artibeus jamaicensis,ANP El Salado,Las Higueras,235,Vegetación secundaria
2002,Artibeus lituratus,ANP El Salado,Las Higueras,235,Vegetación secundaria
2002,Dermanura phaeotis,ANP El Salado,Las Higueras,235,Vegetación secundaria
2002,Artibeus jamaicensis,ANP El Salado,Las Higueras,235,Vegetación secundaria
2002,Artibeus lituratus,ANP El Salado,Las Higueras,235,Vegetación secundaria
2002,Artibeus lituratus,ANP El Salado,Las Higueras,235,Vegetación secundaria
2002,Artibeus lituratus,ANP El Salado,Las Higueras,235,Vegetación secundaria
2002,Artibeus lituratus,ANP El Salado,Las Higueras,235,Vegetación secundaria
2002,Artibeus jamaicensis,ANP El Salado,Las Higueras,235,Vegetación secundaria
2002,Artibeus lituratus,ANP El Salado,Las Higueras,235,Vegetación secundaria
2002,Artibeus lituratus,ANP El Salado,Las Higueras,235,Vegetación secundaria
2002,Artibeus lituratus,ANP El Salado,Las Higueras,235,Vegetación secundaria
2002,Artibeus lituratus,ANP El Salado,Las Higueras,235,Vegetación secundaria
2002,Artibeus jamaicensis,ANP El Salado,Las Higueras,235,Vegetación secundaria
2002,Artibeus lituratus,ANP El Salado,Las Higueras,235,Vegetación secundaria
2002,Artibeus lituratus,ANP El Salado,Las Higueras,235,Vegetación secundaria
2002,Artibeus lituratus,ANP El Salado,Las Higueras,235,Vegetación secundaria
2002,Artibeus lituratus,ANP El Salado,Las Higueras,235,Vegetación secundaria
2002,Artibeus jamaicensis,ANP El Salado,Las Higueras,235,Vegetación secundaria
2002,Artibeus lituratus,ANP El Salado,Las Higueras,235,Vegetación secundaria
2002,Rhogeessa parvula,ANP El Salado,Las Higueras,235,Vegetación secundaria
2002,Artibeus lituratus,ANP El Salado,Las Higueras,235,Vegetación secundaria
2002,Artibeus lituratus,ANP El Salado,Las Higueras,235,Vegetación secundaria
2002,Artibeus jamaicensis,ANP El Salado,Las Higueras,235,Vegetación secundaria
2002,Artibeus lituratus,ANP El Salado,Las Higueras,235,Vegetación secundaria
2002,Artibeus lituratus,ANP El Salado,Las Higueras,235,Vegetación secundaria
2002,Artibeus lituratus,ANP El Salado,Las Higueras,235,Vegetación secundaria
2002,Artibeus jamaicensis,ANP El Salado,Las Higueras,235,Vegetación secundaria
2002,Artibeus lituratus,ANP El Salado,Las Higueras,235,Vegetación secundaria
2002,Artibeus lituratus,ANP El Salado,Las Higueras,235,Vegetación secundaria
2002,Artibeus lituratus,ANP El Salado,Las Higueras,235,Vegetación secundaria
2002,Artibeus lituratus,ANP El Salado,Las Higueras,235,Vegetación secundaria
2002,Artibeus lituratus,ANP El Salado,Las Higueras,235,Vegetación secundaria
2002,Artibeus lituratus,ANP El Salado,Las Higueras,235,Vegetación secundaria
2002,Artibeus lituratus,ANP El Salado,Las Higueras,235,Vegetación secundaria
2002,Artibeus jamaicensis,ANP El Salado,Las Higueras,235,Vegetación secundaria
2002,Artibeus lituratus,ANP El Salado,Las Higueras,235,Vegetación secundaria
2002,Artibeus jamaicensis,ANP El Salado,Las Higueras,235,Vegetación secundaria
2002,Artibeus lituratus,ANP El Salado,Las Higueras,235,Vegetación secundaria
2002,Artibeus lituratus,ANP El Salado,Las Higueras,235,Vegetación secundaria
2002,Artibeus jamaicensis,ANP El Salado,Las Higueras,235,Vegetación secundaria
2002,Artibeus jamaicensis,ANP El Salado,Las Higueras,235,Vegetación secundaria
2002,Artibeus lituratus,ANP El Salado,Las Higueras,235,Vegetación secundaria
2002,Artibeus lituratus,ANP El Salado,Las Higueras,235,Vegetación secundaria
2002,Artibeus lituratus,ANP El Salado,Las Higueras,235,Vegetación secundaria
2002,Artibeus jamaicensis,ANP El Salado,Las Higueras,235,Vegetación secundaria
2002,Artibeus jamaicensis,ANP El Salado,Las Higueras,235,Vegetación secundaria
2002,Artibeus jamaicensis,ANP El Salado,Las Higueras,235,Vegetación secundaria
2002,Artibeus jamaicensis,ANP El Salado,Las Higueras,235,Vegetación secundaria
2002,Artibeus lituratus,ANP El Salado,Las Higueras,235,Vegetación secundaria
2002,Artibeus lituratus,ANP El Salado,Las Higueras,235,Vegetación secundaria
2002,Artibeus lituratus,ANP El Salado,Las Higueras,235,Vegetación secundaria
2002,Artibeus lituratus,ANP El Salado,Las Higueras,235,Vegetación secundaria
2002,Artibeus lituratus,ANP El Salado,Las Higueras,235,Vegetación secundaria
2002,Artibeus lituratus,ANP El Salado,Las Higueras,235,Vegetación secundaria
2002,Artibeus jamaicensis,ANP El Salado,Las Higueras,235,Vegetación secundaria
2002,Artibeus jamaicensis,ANP El Salado,Las Higueras,235,Vegetación secundaria
2002,Artibeus lituratus,ANP El Salado,Las Higueras,235,Vegetación secundaria
2002,Artibeus lituratus,ANP El Salado,Las Higueras,235,Vegetación secundaria
2002,Artibeus lituratus,ANP El Salado,Las Higueras,235,Vegetación secundaria
2002,Artibeus jamaicensis,ANP El Salado,Las Higueras,235,Vegetación secundaria
2002,Glossophaga mutica,ANP El Salado,Las Higueras,235,Vegetación secundaria
2002,Artibeus lituratus,ANP El Salado,Las Higueras,235,Vegetación secundaria
2002,Artibeus jamaicensis,ANP El Salado,Las Higueras,235,Vegetación secundaria
2002,Artibeus lituratus,ANP El Salado,Las Higueras,235,Vegetación secundaria
2002,Rhogeessa parvula,ANP El Salado,El Vivero,350,bosque tropical subcaducifolio
2002,Artibeus lituratus,ANP El Salado,El Vivero,350,bosque tropical subcaducifolio
2002,Artibeus lituratus,ANP El Salado,El Vivero,350,bosque tropical subcaducifolio
2002,Artibeus lituratus,ANP El Salado,El Vivero,350,bosque tropical subcaducifolio
2002,Artibeus lituratus,ANP El Salado,El Vivero,350,bosque tropical subcaducifolio
2002,Artibeus lituratus,ANP El Salado,El Vivero,350,bosque tropical subcaducifolio
2002,Artibeus lituratus,ANP El Salado,El Vivero,350,bosque tropical subcaducifolio
2002,Glossophaga mutica,ANP El Salado,El Vivero,350,bosque tropical subcaducifolio
2002,Artibeus lituratus,ANP El Salado,El Vivero,350,bosque tropical subcaducifolio
2002,Artibeus lituratus,ANP El Salado,El Vivero,350,bosque tropical subcaducifolio
2002,Artibeus lituratus,ANP El Salado,El Vivero,350,bosque tropical subcaducifolio
2002,Artibeus lituratus,ANP El Salado,El Vivero,350,bosque tropical subcaducifolio
2002,Artibeus lituratus,ANP El Salado,El Vivero,350,bosque tropical subcaducifolio
2002,Artibeus jamaicensis,ANP El Salado,El Vivero,350,bosque tropical subcaducifolio
2002,Artibeus lituratus,ANP El Salado,El Vivero,350,bosque tropical subcaducifolio
2002,Artibeus jamaicensis,ANP El Salado,El Vivero,350,bosque tropical subcaducifolio
2002,Glossophaga mutica,ANP El Salado,El Vivero,350,bosque tropical subcaducifolio
2002,Artibeus lituratus,ANP El Salado,El Vivero,350,bosque tropical subcaducifolio
2002,Artibeus lituratus,ANP El Salado,El Vivero,350,bosque tropical subcaducifolio
2002,Artibeus lituratus,ANP El Salado,El Vivero,350,bosque tropical subcaducifolio
2002,Artibeus lituratus,ANP El Salado,El Vivero,350,bosque tropical subcaducifolio
2002,Artibeus lituratus,ANP El Salado,El Vivero,350,bosque tropical subcaducifolio
2002,Dermanura phaeotis,ANP El Salado,El Vivero,350,bosque tropical subcaducifolio
2002,Artibeus lituratus,ANP El Salado,El Vivero,350,bosque tropical subcaducifolio
2002,Artibeus jamaicensis,ANP El Salado,El Vivero,350,bosque tropical subcaducifolio
2002,Artibeus lituratus,ANP El Salado,El Vivero,350,bosque tropical subcaducifolio
2002,Glossophaga mutica,ANP El Salado,El Vivero,350,bosque tropical subcaducifolio
2002,Artibeus lituratus,ANP El Salado,El Vivero,350,bosque tropical subcaducifolio
2002,Artibeus jamaicensis,ANP El Salado,El Vivero,350,bosque tropical subcaducifolio
2002,Artibeus lituratus,ANP El Salado,El Vivero,350,bosque tropical subcaducifolio
2002,Artibeus lituratus,ANP El Salado,El Vivero,350,bosque tropical subcaducifolio
2002,Artibeus lituratus,ANP El Salado,El Vivero,350,bosque tropical subcaducifolio
2002,Artibeus lituratus,ANP El Salado,El Vivero,350,bosque tropical subcaducifolio
2002,Artibeus lituratus,ANP El Salado,El Vivero,350,bosque tropical subcaducifolio
2002,Artibeus lituratus,ANP El Salado,El Vivero,350,bosque tropical subcaducifolio
2002,Glossophaga mutica,ANP El Salado,El Vivero,350,bosque tropical subcaducifolio
2002,Artibeus jamaicensis,ANP El Salado,El Vivero,350,bosque tropical subcaducifolio
2002,Glossophaga mutica,ANP El Salado,El Vivero,350,bosque tropical subcaducifolio
2002,Glossophaga mutica,ANP El Salado,El Vivero,350,bosque tropical subcaducifolio
2002,Artibeus lituratus,ANP El Salado,El Vivero,350,bosque tropical subcaducifolio
2002,Glossophaga mutica,ANP El Salado,El Vivero,350,bosque tropical subcaducifolio
2002,Artibeus lituratus,ANP El Salado,El Vivero,350,bosque tropical subcaducifolio
2002,Artibeus lituratus,ANP El Salado,El Vivero,350,bosque tropical subcaducifolio
2002,Dermanura phaeotis,ANP El Salado,El Vivero,350,bosque tropical subcaducifolio
2002,Artibeus lituratus,ANP El Salado,El Vivero,350,bosque tropical subcaducifolio
2002,Glossophaga mutica,ANP El Salado,El Vivero,350,bosque tropical subcaducifolio
2002,Artibeus lituratus,ANP El Salado,El Vivero,350,bosque tropical subcaducifolio
2002,Artibeus lituratus,ANP El Salado,El Vivero,350,bosque tropical subcaducifolio
2002,Artibeus lituratus,ANP El Salado,El Vivero,350,bosque tropical subcaducifolio
2002,Artibeus jamaicensis,ANP El Salado,El Vivero,350,bosque tropical subcaducifolio
2002,Glossophaga mutica,ANP El Salado,El Vivero,350,bosque tropical subcaducifolio
2002,Artibeus lituratus,ANP El Salado,El Vivero,350,bosque tropical subcaducifolio
2002,Artibeus lituratus,ANP El Salado,El Vivero,350,bosque tropical subcaducifolio
2002,Dermanura phaeotis,ANP El Salado,El Vivero,350,bosque tropical subcaducifolio
2002,Artibeus jamaicensis,ANP El Salado,El Vivero,350,bosque tropical subcaducifolio
2002,Artibeus lituratus,ANP El Salado,El Vivero,350,bosque tropical subcaducifolio
2002,Artibeus lituratus,ANP El Salado,El Vivero,350,bosque tropical subcaducifolio
2002,Artibeus lituratus,ANP El Salado,El Vivero,350,bosque tropical subcaducifolio
2002,Artibeus jamaicensis,ANP El Salado,El Vivero,350,bosque tropical subcaducifolio
2002,Artibeus lituratus,ANP El Salado,El Vivero,350,bosque tropical subcaducifolio
2002,Glossophaga mutica,ANP El Salado,El Vivero,350,bosque tropical subcaducifolio
2002,Artibeus lituratus,ANP El Salado,El Vivero,350,bosque tropical subcaducifolio
2002,Artibeus lituratus,ANP El Salado,El Vivero,350,bosque tropical subcaducifolio
2002,Artibeus lituratus,ANP El Salado,El Vivero,350,bosque tropical subcaducifolio
2002,Artibeus jamaicensis,ANP El Salado,El Vivero,350,bosque tropical subcaducifolio
2002,Artibeus lituratus,ANP El Salado,El Vivero,350,bosque tropical subcaducifolio
2002,Artibeus lituratus,ANP El Salado,El Vivero,350,bosque tropical subcaducifolio
2002,Artibeus lituratus,ANP El Salado,El Vivero,350,bosque tropical subcaducifolio
2002,Artibeus lituratus,ANP El Salado,El Vivero,350,bosque tropical subcaducifolio
2002,Artibeus lituratus,ANP El Salado,El Vivero,350,bosque tropical subcaducifolio
2002,Artibeus lituratus,ANP El Salado,El Vivero,350,bosque tropical subcaducifolio
2002,Artibeus lituratus,ANP El Salado,El Vivero,350,bosque tropical subcaducifolio
2002,Artibeus lituratus,ANP El Salado,El Vivero,350,bosque tropical subcaducifolio
2002,Artibeus jamaicensis,ANP El Salado,El Vivero,350,bosque tropical subcaducifolio
2002,Artibeus lituratus,ANP El Salado,El Vivero,350,bosque tropical subcaducifolio
2002,Artibeus lituratus,ANP El Salado,El Vivero,350,bosque tropical subcaducifolio
2002,Glossophaga mutica,ANP El Salado,El Vivero,350,bosque tropical subcaducifolio
2002,Artibeus jamaicensis,ANP El Salado,El Vivero,350,bosque tropical subcaducifolio
2002,Artibeus lituratus,ANP El Salado,El Vivero,350,bosque tropical subcaducifolio
2002,Artibeus lituratus,ANP El Salado,El Vivero,350,bosque tropical subcaducifolio
2002,Artibeus jamaicensis,ANP El Salado,El Vivero,350,bosque tropical subcaducifolio
2002,Dermanura phaeotis,ANP El Salado,El Vivero,350,bosque tropical subcaducifolio
2002,Artibeus lituratus,ANP El Salado,El Vivero,350,bosque tropical subcaducifolio
2002,Artibeus lituratus,ANP El Salado,El Vivero,350,bosque tropical subcaducifolio
2002,Artibeus lituratus,ANP El Salado,El Vivero,350,bosque tropical subcaducifolio
2002,Artibeus lituratus,ANP El Salado,El Vivero,350,bosque tropical subcaducifolio
2002,Artibeus lituratus,ANP El Salado,El Vivero,350,bosque tropical subcaducifolio
2002,Artibeus lituratus,ANP El Salado,El Vivero,350,bosque tropical subcaducifolio
2002,Artibeus lituratus,ANP El Salado,El Vivero,350,bosque tropical subcaducifolio
2002,Artibeus lituratus,ANP El Salado,El Vivero,350,bosque tropical subcaducifolio
2002,Artibeus lituratus,ANP El Salado,El Vivero,350,bosque tropical subcaducifolio
2002,Artibeus lituratus,ANP El Salado,El Vivero,350,bosque tropical subcaducifolio
2002,Artibeus lituratus,ANP El Salado,El Vivero,350,bosque tropical subcaducifolio
2002,Artibeus lituratus,ANP El Salado,El Vivero,350,bosque tropical subcaducifolio
2002,Artibeus lituratus,ANP El Salado,El Vivero,350,bosque tropical subcaducifolio
2002,Artibeus jamaicensis,ANP El Salado,El Vivero,350,bosque tropical subcaducifolio
2002,Artibeus lituratus,ANP El Salado,El Vivero,350,bosque tropical subcaducifolio
2002,Artibeus lituratus,ANP El Salado,El Vivero,350,bosque tropical subcaducifolio
2002,Dermanura phaeotis,ANP El Salado,El Vivero,350,bosque tropical subcaducifolio
2002,Artibeus lituratus,ANP El Salado,El Vivero,350,bosque tropical subcaducifolio
2002,Artibeus lituratus,ANP El Salado,El Vivero,350,bosque tropical subcaducifolio
2002,Artibeus jamaicensis,ANP El Salado,El Vivero,350,bosque tropical subcaducifolio
2002,Artibeus lituratus,ANP El Salado,El Vivero,350,bosque tropical subcaducifolio
2002,Artibeus lituratus,ANP El Salado,El Vivero,350,bosque tropical subcaducifolio
2002,Artibeus lituratus,ANP El Salado,El Vivero,350,bosque tropical subcaducifolio
2002,Artibeus lituratus,ANP El Salado,El Vivero,350,bosque tropical subcaducifolio
2002,Artibeus jamaicensis,ANP El Salado,El Vivero,350,bosque tropical subcaducifolio
2002,Artibeus lituratus,ANP El Salado,El Vivero,350,bosque tropical subcaducifolio
2002,Artibeus lituratus,ANP El Salado,El Vivero,350,bosque tropical subcaducifolio
2002,Artibeus lituratus,ANP El Salado,El Vivero,350,bosque tropical subcaducifolio
2002,Artibeus lituratus,ANP El Salado,El Vivero,350,bosque tropical subcaducifolio
2002,Artibeus lituratus,ANP El Salado,El Vivero,350,bosque tropical subcaducifolio
2002,Artibeus lituratus,ANP El Salado,El Vivero,350,bosque tropical subcaducifolio
2002,Artibeus lituratus,ANP El Salado,El Vivero,350,bosque tropical subcaducifolio
2002,Artibeus lituratus,ANP El Salado,El Vivero,350,bosque tropical subcaducifolio
2002,Artibeus lituratus,ANP El Salado,El Vivero,350,bosque tropical subcaducifolio
2002,Artibeus lituratus,ANP El Salado,El Vivero,350,bosque tropical subcaducifolio
2002,Artibeus jamaicensis,ANP El Salado,El Vivero,350,bosque tropical subcaducifolio
2002,Artibeus lituratus,ANP El Salado,El Vivero,350,bosque tropical subcaducifolio
2002,Artibeus lituratus,ANP El Salado,El Vivero,350,bosque tropical subcaducifolio
2002,Artibeus lituratus,ANP El Salado,El Vivero,350,bosque tropical subcaducifolio
2002,Artibeus lituratus,ANP El Salado,El Vivero,350,bosque tropical subcaducifolio
2002,Artibeus lituratus,ANP El Salado,El Vivero,350,bosque tropical subcaducifolio
2002,Artibeus lituratus,ANP El Salado,El Vivero,350,bosque tropical subcaducifolio
2002,Artibeus lituratus,ANP El Salado,El Vivero,350,bosque tropical subcaducifolio
2002,Artibeus lituratus,ANP El Salado,El Vivero,350,bosque tropical subcaducifolio
2002,Artibeus jamaicensis,ANP El Salado,El Vivero,350,bosque tropical subcaducifolio
2002,Artibeus lituratus,ANP El Salado,El Vivero,350,bosque tropical subcaducifolio
2002,Artibeus lituratus,ANP El Salado,El Vivero,350,bosque tropical subcaducifolio
2002,Artibeus lituratus,ANP El Salado,El Vivero,350,bosque tropical subcaducifolio
2002,Artibeus lituratus,ANP El Salado,El Vivero,350,bosque tropical subcaducifolio
2002,Dermanura phaeotis,ANP El Salado,El Vivero,350,bosque tropical subcaducifolio
2002,Artibeus lituratus,ANP El Salado,El Vivero,350,bosque tropical subcaducifolio
2002,Artibeus lituratus,ANP El Salado,El Vivero,350,bosque tropical subcaducifolio
2002,Artibeus lituratus,ANP El Salado,El Vivero,350,bosque tropical subcaducifolio
2002,Artibeus lituratus,ANP El Salado,El Vivero,350,bosque tropical subcaducifolio
2002,Artibeus jamaicensis,ANP El Salado,El Vivero,350,bosque tropical subcaducifolio
2002,Artibeus jamaicensis,ANP El Salado,El Vivero,350,bosque tropical subcaducifolio
2002,Artibeus lituratus,ANP El Salado,El Vivero,350,bosque tropical subcaducifolio
2002,Artibeus lituratus,ANP El Salado,El Vivero,350,bosque tropical subcaducifolio
2002,Artibeus lituratus,ANP El Salado,El Vivero,350,bosque tropical subcaducifolio
2002,Macrotus waterhousii,ANP La Primavera,Cerritos Colorados,1358,Bosque de pino
2002,Myotis californicus,ANP La Primavera,Cerritos Colorados,1358,Bosque de pino
2002,Lasiurus frantzii,ANP La Primavera,Cerritos Colorados,1358,Bosque de pino
2002,Tadarida brasiliensis,ANP La Primavera,Cerritos Colorados,1358,Bosque de pino
2002,Lasiurus frantzii,ANP La Primavera,Cerritos Colorados,1358,Bosque de pino
2002,Dermanura tolteca,ANP La Primavera,Los Guayabos,850,Riparia y encino
2002,Myotis californicus,ANP La Primavera,Los Guayabos,850,Riparia y encino
2002,Sturnira hondurensis,ANP La Primavera,Los Guayabos,850,Riparia y encino
2002,Sturnira parvidens,ANP La Primavera,Los Guayabos,850,Riparia y encino
2002,Sturnira parvidens,ANP La Primavera,Los Guayabos,850,Riparia y encino
2002,Dermanura tolteca,ANP La Primavera,Los Guayabos,850,Riparia y encino
2002,Sturnira parvidens,ANP La Primavera,Los Guayabos,850,Riparia y encino
2002,Glossophaga mutica,ANP La Primavera,Los Guayabos,850,Riparia y encino
2002,Eptesicus fuscus,ANP La Primavera,Los Guayabos,850,Riparia y encino
2002,Dermanura tolteca,ANP La Primavera,Los Guayabos,850,Riparia y encino
2002,Dermanura tolteca,ANP La Primavera,Los Guayabos,850,Riparia y encino
2002,Lasiurus cinereus,ANP La Primavera,Los Guayabos,850,Riparia y encino
2002,Macrotus waterhousii,ANP La Primavera,Los Guayabos,850,Riparia y encino
2002,Lasiurus xanthinus,ANP La Primavera,Los Guayabos,850,Riparia y encino
2002,Artibeus lituratus,ANP El Salado,Las Higueras,235,Vegetación secundaria
2002,Artibeus lituratus,ANP El Salado,Las Higueras,235,Vegetación secundaria
2002,Artibeus lituratus,ANP El Salado,Las Higueras,235,Vegetación secundaria
2002,Artibeus lituratus,ANP El Salado,Las Higueras,235,Vegetación secundaria
2002,Artibeus jamaicensis,ANP El Salado,Las Higueras,235,Vegetación secundaria
2002,Artibeus jamaicensis,ANP El Salado,Las Higueras,235,Vegetación secundaria
2002,Artibeus lituratus,ANP El Salado,Las Higueras,235,Vegetación secundaria
2002,Dermanura phaeotis,ANP El Salado,Las Higueras,235,Vegetación secundaria
2002,dermanura phaeotis,ANP El Salado,Las Higueras,235,Vegetación secundaria
2002,Artibeus lituratus,ANP El Salado,Las Higueras,235,Vegetación secundaria
2002,Artibeus lituratus,ANP El Salado,Las Higueras,235,Vegetación secundaria
2002,Artibeus jamaicensis,ANP El Salado,Las Higueras,235,Vegetación secundaria
2002,Artibeus lituratus,ANP El Salado,Las Higueras,235,Vegetación secundaria
2002,Artibeus jamaicensis,ANP El Salado,Las Higueras,235,Vegetación secundaria
2002,Artibeus lituratus,ANP El Salado,Las Higueras,235,Vegetación secundaria
2002,Artibeus lituratus,ANP El Salado,Las Higueras,235,Vegetación secundaria
2002,Artibeus jamaicensis,ANP El Salado,Las Higueras,235,Vegetación secundaria
2002,Artibeus lituratus,ANP El Salado,Las Higueras,235,Vegetación secundaria
2002,Artibeus lituratus,ANP El Salado,Las Higueras,235,Vegetación secundaria
2002,Dermanura phaeotis,ANP El Salado,Las Higueras,235,Vegetación secundaria
2002,Artibeus jamaicensis,ANP El Salado,Las Higueras,235,Vegetación secundaria
2002,Artibeus lituratus,ANP El Salado,Las Higueras,235,Vegetación secundaria
2002,Artibeus lituratus,ANP El Salado,Las Higueras,235,Vegetación secundaria
2002,Artibeus jamaicensis,ANP El Salado,Las Higueras,235,Vegetación secundaria
2002,Artibeus lituratus,ANP El Salado,Las Higueras,235,Vegetación secundaria
2002,Artibeus jamaicensis,ANP El Salado,Las Higueras,235,Vegetación secundaria
2002,Artibeus jamaicensis,ANP El Salado,Las Higueras,235,Vegetación secundaria
2002,Artibeus jamaicensis,ANP El Salado,Las Higueras,235,Vegetación secundaria
2002,Leptonycteris yerbabuenae,ANP El Salado,Las Higueras,235,Vegetación secundaria
2002,Artibeus lituratus,ANP El Salado,Las Higueras,235,Vegetación secundaria
2002,Artibeus lituratus,ANP El Salado,Las Higueras,235,Vegetación secundaria
2002,Artibeus jamaicensis,ANP El Salado,Las Higueras,235,Vegetación secundaria
2002,Artibeus lituratus,ANP El Salado,Las Higueras,235,Vegetación secundaria
2002,Artibeus lituratus,ANP El Salado,Las Higueras,235,Vegetación secundaria
2002,Sturnira parvidens,ANP El Salado,Las Higueras,235,Vegetación secundaria
2002,Artibeus lituratus,ANP El Salado,Las Higueras,235,Vegetación secundaria
2002,Artibeus lituratus,ANP El Salado,Las Higueras,235,Vegetación secundaria
2002,Artibeus lituratus,ANP El Salado,Las Higueras,235,Vegetación secundaria
2002,Dermanura phaeotis,ANP El Salado,Las Higueras,235,Vegetación secundaria
2002,Artibeus lituratus,ANP El Salado,Las Higueras,235,Vegetación secundaria
2002,Artibeus lituratus,ANP El Salado,Las Higueras,235,Vegetación secundaria
2002,Artibeus jamaicensis,ANP El Salado,Las Higueras,235,Vegetación secundaria
2002,Artibeus lituratus,ANP El Salado,Las Higueras,235,Vegetación secundaria
2002,Artibeus jamaicensis,ANP El Salado,Las Higueras,235,Vegetación secundaria
2002,Artibeus lituratus,ANP El Salado,Las Higueras,235,Vegetación secundaria
2002,Artibeus jamaicensis,ANP El Salado,Las Higueras,235,Vegetación secundaria
2002,Artibeus lituratus,ANP El Salado,Las Higueras,235,Vegetación secundaria
2002,Artibeus lituratus,ANP El Salado,Las Higueras,235,Vegetación secundaria
2002,Artibeus lituratus,ANP El Salado,Las Higueras,235,Vegetación secundaria
2002,Artibeus lituratus,ANP El Salado,Las Higueras,235,Vegetación secundaria
2002,Leptonycteris yerbabuenae,ANP El Salado,Las Higueras,235,Vegetación secundaria
2002,Artibeus lituratus,ANP El Salado,Las Higueras,235,Vegetación secundaria
2002,Artibeus lituratus,ANP El Salado,Las Higueras,235,Vegetación secundaria
2002,Artibeus lituratus,ANP El Salado,Las Higueras,235,Vegetación secundaria
2002,Artibeus lituratus,ANP El Salado,Las Higueras,235,Vegetación secundaria
2002,Artibeus lituratus,ANP El Salado,Las Higueras,235,Vegetación secundaria
2002,Artibeus lituratus,ANP El Salado,Las Higueras,235,Vegetación secundaria
2002,Artibeus lituratus,ANP El Salado,Las Higueras,235,Vegetación secundaria
2002,Artibeus lituratus,ANP El Salado,Las Higueras,235,Vegetación secundaria
2002,Artibeus lituratus,ANP El Salado,Las Higueras,235,Vegetación secundaria
2002,Artibeus jamaicensis,ANP El Salado,Las Higueras,235,Vegetación secundaria
2002,Artibeus lituratus,ANP El Salado,Las Higueras,235,Vegetación secundaria
2002,Artibeus lituratus,ANP El Salado,Las Higueras,235,Vegetación secundaria
2002,Artibeus jamaicensis,ANP El Salado,Las Higueras,235,Vegetación secundaria
2002,Artibeus jamaicensis,ANP El Salado,Las Higueras,235,Vegetación secundaria
2002,Artibeus lituratus,ANP El Salado,Las Higueras,235,Vegetación secundaria
2002,Artibeus lituratus,ANP El Salado,Las Higueras,235,Vegetación secundaria
2002,Artibeus lituratus,ANP El Salado,Las Higueras,235,Vegetación secundaria
2002,Artibeus jamaicensis,ANP El Salado,Las Higueras,235,Vegetación secundaria
2002,Artibeus jamaicensis,ANP El Salado,Las Higueras,235,Vegetación secundaria
2002,Artibeus lituratus,ANP El Salado,Las Higueras,235,Vegetación secundaria
2002,Artibeus lituratus,ANP El Salado,Las Higueras,235,Vegetación secundaria
2002,Artibeus lituratus,ANP El Salado,Las Higueras,235,Vegetación secundaria
2002,Artibeus lituratus,ANP El Salado,Las Higueras,235,Vegetación secundaria
2002,Artibeus jamaicensis,ANP El Salado,Las Higueras,235,Vegetación secundaria
2002,Artibeus lituratus,ANP El Salado,Las Higueras,235,Vegetación secundaria
2002,Artibeus lituratus,ANP El Salado,Las Higueras,235,Vegetación secundaria
2002,Artibeus lituratus,ANP El Salado,Las Higueras,235,Vegetación secundaria
2002,Artibeus jamaicensis,ANP El Salado,Las Higueras,235,Vegetación secundaria
2002,Artibeus lituratus,ANP El Salado,Las Higueras,235,Vegetación secundaria
2002,Artibeus lituratus,ANP El Salado,Las Higueras,235,Vegetación secundaria
2002,Artibeus lituratus,ANP El Salado,Las Higueras,235,Vegetación secundaria
2002,Artibeus lituratus,ANP El Salado,Las Higueras,235,Vegetación secundaria
2002,Artibeus lituratus,ANP El Salado,Las Higueras,235,Vegetación secundaria
2002,Artibeus lituratus,ANP El Salado,Las Higueras,235,Vegetación secundaria
2002,Dermanura phaeotis,ANP El Salado,Las Higueras,235,Vegetación secundaria
2002,Artibeus lituratus,ANP El Salado,Las Higueras,235,Vegetación secundaria
2002,Artibeus lituratus,ANP El Salado,Las Higueras,235,Vegetación secundaria
2002,Artibeus lituratus,ANP El Salado,Las Higueras,235,Vegetación secundaria
2002,Artibeus lituratus,ANP El Salado,Las Higueras,235,Vegetación secundaria
2002,Artibeus jamaicensis,ANP El Salado,Las Higueras,235,Vegetación secundaria
2002,Artibeus jamaicensis,ANP El Salado,Las Higueras,235,Vegetación secundaria
2002,Artibeus lituratus,ANP El Salado,Las Higueras,235,Vegetación secundaria
2002,Artibeus lituratus,ANP El Salado,Las Higueras,235,Vegetación secundaria
2002,Artibeus lituratus,ANP El Salado,Las Higueras,235,Vegetación secundaria
2002,Artibeus lituratus,ANP El Salado,Las Higueras,235,Vegetación secundaria
2002,Artibeus lituratus,ANP El Salado,Las Higueras,235,Vegetación secundaria
2002,Artibeus lituratus,ANP El Salado,Las Higueras,235,Vegetación secundaria
2002,Artibeus lituratus,ANP El Salado,Las Higueras,235,Vegetación secundaria
2002,Artibeus lituratus,ANP El Salado,Las Higueras,235,Vegetación secundaria
2002,Artibeus lituratus,ANP El Salado,Las Higueras,235,Vegetación secundaria
2002,Artibeus lituratus,ANP El Salado,Las Higueras,235,Vegetación secundaria
2002,Artibeus jamaicensis,ANP El Salado,Las Higueras,235,Vegetación secundaria
2002,Artibeus lituratus,ANP El Salado,Las Higueras,235,Vegetación secundaria
2002,Artibeus lituratus,ANP El Salado,Las Higueras,235,Vegetación secundaria
2002,Artibeus jamaicensis,ANP El Salado,Las Higueras,235,Vegetación secundaria
2002,Artibeus lituratus,ANP El Salado,Las Higueras,235,Vegetación secundaria
2002,Artibeus lituratus,ANP El Salado,Las Higueras,235,Vegetación secundaria
2002,Artibeus lituratus,ANP El Salado,Las Higueras,235,Vegetación secundaria
2002,Artibeus lituratus,ANP El Salado,Las Higueras,235,Vegetación secundaria
2002,Artibeus lituratus,ANP El Salado,Las Higueras,235,Vegetación secundaria
2002,Artibeus lituratus,ANP El Salado,Las Higueras,235,Vegetación secundaria
2002,Artibeus lituratus,ANP El Salado,Las Higueras,235,Vegetación secundaria
2002,Artibeus lituratus,ANP El Salado,Las Higueras,235,Vegetación secundaria
2002,Artibeus lituratus,ANP El Salado,Las Higueras,235,Vegetación secundaria
2002,Artibeus jamaicensis,ANP El Salado,Las Higueras,235,Vegetación secundaria
2002,Artibeus lituratus,ANP El Salado,Las Higueras,235,Vegetación secundaria
2002,Artibeus jamaicensis,ANP El Salado,Las Higueras,235,Vegetación secundaria
2002,Artibeus jamaicensis,ANP El Salado,Las Higueras,235,Vegetación secundaria
2002,Artibeus lituratus,ANP El Salado,Las Higueras,235,Vegetación secundaria
2002,Artibeus lituratus,ANP El Salado,Las Higueras,235,Vegetación secundaria
2002,Artibeus lituratus,ANP El Salado,Las Higueras,235,Vegetación secundaria
2002,Artibeus lituratus,ANP El Salado,Las Higueras,235,Vegetación secundaria
2002,Artibeus jamaicensis,ANP El Salado,Las Higueras,235,Vegetación secundaria
2002,Artibeus lituratus,ANP El Salado,Las Higueras,235,Vegetación secundaria
2002,Artibeus lituratus,ANP El Salado,Las Higueras,235,Vegetación secundaria
2002,Artibeus jamaicensis,ANP El Salado,Las Higueras,235,Vegetación secundaria
2002,Artibeus lituratus,ANP El Salado,Las Higueras,235,Vegetación secundaria
2002,Artibeus jamaicensis,ANP El Salado,Las Higueras,235,Vegetación secundaria
2002,Artibeus lituratus,ANP El Salado,Las Higueras,235,Vegetación secundaria
2002,Artibeus lituratus,ANP El Salado,Las Higueras,235,Vegetación secundaria
2002,Artibeus lituratus,ANP El Salado,Las Higueras,235,Vegetación secundaria
2002,Artibeus lituratus,ANP El Salado,El Vivero,350,bosque tropical subcaducifolio
2002,Artibeus lituratus,ANP El Salado,El Vivero,350,bosque tropical subcaducifolio
2002,Artibeus lituratus,ANP El Salado,El Vivero,350,bosque tropical subcaducifolio
2002,Artibeus lituratus,ANP El Salado,El Vivero,350,bosque tropical subcaducifolio
2002,Artibeus lituratus,ANP El Salado,El Vivero,350,bosque tropical subcaducifolio
2002,Artibeus lituratus,ANP El Salado,El Vivero,350,bosque tropical subcaducifolio
2002,Artibeus jamaicensis,ANP El Salado,El Vivero,350,bosque tropical subcaducifolio
2002,Artibeus lituratus,ANP El Salado,El Vivero,350,bosque tropical subcaducifolio
2002,Glossophaga mutica,ANP El Salado,El Vivero,350,bosque tropical subcaducifolio
2002,Glossophaga mutica,ANP El Salado,El Vivero,350,bosque tropical subcaducifolio
2002,Glossophaga mutica,ANP El Salado,El Vivero,350,bosque tropical subcaducifolio
2002,Glossophaga mutica,ANP El Salado,El Vivero,350,bosque tropical subcaducifolio
2002,Artibeus lituratus,ANP El Salado,El Vivero,350,bosque tropical subcaducifolio
2002,Artibeus lituratus,ANP El Salado,El Vivero,350,bosque tropical subcaducifolio
2002,Glossophaga mutica,ANP El Salado,El Vivero,350,bosque tropical subcaducifolio
2002,Artibeus lituratus,ANP El Salado,El Vivero,350,bosque tropical subcaducifolio
2002,Artibeus lituratus,ANP El Salado,El Vivero,350,bosque tropical subcaducifolio
2002,Glossophaga mutica,ANP El Salado,El Vivero,350,bosque tropical subcaducifolio
2002,Glossophaga mutica,ANP El Salado,El Vivero,350,bosque tropical subcaducifolio
2002,Glossophaga mutica,ANP El Salado,El Vivero,350,bosque tropical subcaducifolio
2002,Artibeus lituratus,ANP El Salado,El Vivero,350,bosque tropical subcaducifolio
2002,Glossophaga mutica,ANP El Salado,El Vivero,350,bosque tropical subcaducifolio
2002,Artibeus jamaicensis,ANP El Salado,El Vivero,350,bosque tropical subcaducifolio
2002,Glossophaga mutica,ANP El Salado,El Vivero,350,bosque tropical subcaducifolio
2002,Artibeus lituratus,ANP El Salado,El Vivero,350,bosque tropical subcaducifolio
2002,Artibeus lituratus,ANP El Salado,El Vivero,350,bosque tropical subcaducifolio
2002,Artibeus lituratus,ANP El Salado,El Vivero,350,bosque tropical subcaducifolio
2002,Artibeus lituratus,ANP El Salado,El Vivero,350,bosque tropical subcaducifolio
2002,Glossophaga mutica,ANP El Salado,El Vivero,350,bosque tropical subcaducifolio
2002,Artibeus lituratus,ANP El Salado,El Vivero,350,bosque tropical subcaducifolio
2002,Artibeus lituratus,ANP El Salado,El Vivero,350,bosque tropical subcaducifolio
2002,Artibeus lituratus,ANP El Salado,El Vivero,350,bosque tropical subcaducifolio
2002,Artibeus jamaicensis,ANP El Salado,El Vivero,350,bosque tropical subcaducifolio
2002,Artibeus jamaicensis,ANP El Salado,El Vivero,350,bosque tropical subcaducifolio
2002,Artibeus lituratus,ANP El Salado,El Vivero,350,bosque tropical subcaducifolio
2002,Artibeus lituratus,ANP El Salado,El Vivero,350,bosque tropical subcaducifolio
2002,Artibeus lituratus,ANP El Salado,El Vivero,350,bosque tropical subcaducifolio
2002,Artibeus lituratus,ANP El Salado,El Vivero,350,bosque tropical subcaducifolio
2002,Artibeus lituratus,ANP El Salado,El Vivero,350,bosque tropical subcaducifolio
2002,Artibeus jamaicensis,ANP El Salado,El Vivero,350,bosque tropical subcaducifolio
2002,Artibeus lituratus,ANP El Salado,El Vivero,350,bosque tropical subcaducifolio
2002,Artibeus lituratus,ANP El Salado,El Vivero,350,bosque tropical subcaducifolio
2002,Artibeus lituratus,ANP El Salado,El Vivero,350,bosque tropical subcaducifolio
2002,Artibeus lituratus,ANP El Salado,El Vivero,350,bosque tropical subcaducifolio
2002,Glossophaga mutica,ANP El Salado,El Vivero,350,bosque tropical subcaducifolio
2002,Sturnira parvidens,ANP El Salado,El Vivero,350,bosque tropical subcaducifolio
2002,Glossophaga mutica,ANP El Salado,El Vivero,350,bosque tropical subcaducifolio
2002,Glossophaga mutica,ANP El Salado,El Vivero,350,bosque tropical subcaducifolio
2002,Artibeus lituratus,ANP El Salado,El Vivero,350,bosque tropical subcaducifolio
2002,Myotis fortidens,ANP El Salado,El Vivero,350,bosque tropical subcaducifolio
2002,Artibeus lituratus,ANP El Salado,El Vivero,350,bosque tropical subcaducifolio
2002,Artibeus lituratus,ANP El Salado,El Vivero,350,bosque tropical subcaducifolio
2002,Artibeus lituratus,ANP El Salado,El Vivero,350,bosque tropical subcaducifolio
2002,Sturnira parvidens,ANP El Salado,El Vivero,350,bosque tropical subcaducifolio
2002,Artibeus lituratus,ANP El Salado,El Vivero,350,bosque tropical subcaducifolio
2002,Artibeus lituratus,ANP El Salado,El Vivero,350,bosque tropical subcaducifolio
2002,Artibeus lituratus,ANP El Salado,El Vivero,350,bosque tropical subcaducifolio
2002,Artibeus lituratus,ANP El Salado,El Vivero,350,bosque tropical subcaducifolio
2002,Artibeus lituratus,ANP El Salado,El Vivero,350,bosque tropical subcaducifolio
2002,Artibeus lituratus,ANP El Salado,El Vivero,350,bosque tropical subcaducifolio
2002,Artibeus jamaicensis,ANP El Salado,El Vivero,350,bosque tropical subcaducifolio
2002,Artibeus lituratus,ANP El Salado,El Vivero,350,bosque tropical subcaducifolio
2002,Artibeus lituratus,ANP El Salado,El Vivero,350,bosque tropical subcaducifolio
2002,Artibeus lituratus,ANP El Salado,El Vivero,350,bosque tropical subcaducifolio
2002,Artibeus lituratus,ANP El Salado,El Vivero,350,bosque tropical subcaducifolio
2002,Artibeus jamaicensis,ANP El Salado,El Vivero,350,bosque tropical subcaducifolio
2002,Artibeus lituratus,ANP El Salado,El Vivero,350,bosque tropical subcaducifolio
2002,Artibeus jamaicensis,ANP El Salado,El Vivero,350,bosque tropical subcaducifolio
2002,Artibeus lituratus,ANP El Salado,El Vivero,350,bosque tropical subcaducifolio
2002,Artibeus lituratus,ANP El Salado,El Vivero,350,bosque tropical subcaducifolio
2002,Artibeus jamaicensis,ANP El Salado,El Vivero,350,bosque tropical subcaducifolio
2002,Artibeus jamaicensis,ANP El Salado,El Vivero,350,bosque tropical subcaducifolio
2002,Artibeus jamaicensis,ANP El Salado,El Vivero,350,bosque tropical subcaducifolio
2002,Artibeus lituratus,ANP El Salado,El Vivero,350,bosque tropical subcaducifolio
2002,Artibeus lituratus,ANP El Salado,El Vivero,350,bosque tropical subcaducifolio
2002,Artibeus jamaicensis,ANP El Salado,El Vivero,350,bosque tropical subcaducifolio
2002,Artibeus jamaicensis,ANP El Salado,El Vivero,350,bosque tropical subcaducifolio
2002,Artibeus lituratus,ANP El Salado,El Vivero,350,bosque tropical subcaducifolio
2002,Artibeus jamaicensis,ANP El Salado,El Vivero,350,bosque tropical subcaducifolio
2002,Artibeus lituratus,ANP El Salado,El Vivero,350,bosque tropical subcaducifolio
2002,Artibeus jamaicensis,ANP El Salado,El Vivero,350,bosque tropical subcaducifolio
2002,Artibeus jamaicensis,ANP El Salado,El Vivero,350,bosque tropical subcaducifolio
2002,Artibeus lituratus,ANP El Salado,El Vivero,350,bosque tropical subcaducifolio
2002,Artibeus lituratus,ANP El Salado,El Vivero,350,bosque tropical subcaducifolio
2002,Artibeus jamaicensis,ANP El Salado,El Vivero,350,bosque tropical subcaducifolio
2002,Artibeus lituratus,ANP El Salado,El Vivero,350,bosque tropical subcaducifolio
2002,Artibeus jamaicensis,ANP El Salado,El Vivero,350,bosque tropical subcaducifolio
2002,Artibeus lituratus,ANP El Salado,El Vivero,350,bosque tropical subcaducifolio
2002,Artibeus lituratus,ANP El Salado,El Vivero,350,bosque tropical subcaducifolio
2002,Artibeus lituratus,ANP El Salado,El Vivero,350,bosque tropical subcaducifolio
2002,Artibeus lituratus,ANP El Salado,El Vivero,350,bosque tropical subcaducifolio
2002,Artibeus jamaicensis,ANP El Salado,El Vivero,350,bosque tropical subcaducifolio
2002,Artibeus lituratus,ANP El Salado,El Vivero,350,bosque tropical subcaducifolio
2002,Artibeus jamaicensis,ANP El Salado,El Vivero,350,bosque tropical subcaducifolio
2002,Artibeus lituratus,ANP El Salado,El Vivero,350,bosque tropical subcaducifolio
2002,Artibeus jamaicensis,ANP El Salado,El Vivero,350,bosque tropical subcaducifolio
2002,Artibeus jamaicensis,ANP El Salado,El Vivero,350,bosque tropical subcaducifolio
2002,Artibeus jamaicensis,ANP El Salado,El Vivero,350,bosque tropical subcaducifolio
2002,Artibeus lituratus,ANP El Salado,El Vivero,350,bosque tropical subcaducifolio
2002,Artibeus lituratus,ANP El Salado,El Vivero,350,bosque tropical subcaducifolio
2002,Artibeus lituratus,ANP El Salado,El Vivero,350,bosque tropical subcaducifolio
2002,Artibeus lituratus,ANP El Salado,El Vivero,350,bosque tropical subcaducifolio
2002,Artibeus lituratus,ANP El Salado,El Vivero,350,bosque tropical subcaducifolio
2002,Artibeus lituratus,ANP El Salado,El Vivero,350,bosque tropical subcaducifolio
2002,Artibeus lituratus,ANP El Salado,El Vivero,350,bosque tropical subcaducifolio
2002,Artibeus lituratus,ANP El Salado,El Vivero,350,bosque tropical subcaducifolio
2002,Artibeus jamaicensis,ANP El Salado,El Vivero,350,bosque tropical subcaducifolio
2002,Artibeus jamaicensis,ANP El Salado,El Vivero,350,bosque tropical subcaducifolio
2002,Artibeus lituratus,ANP El Salado,El Vivero,350,bosque tropical subcaducifolio
2002,Artibeus lituratus,ANP El Salado,El Vivero,350,bosque tropical subcaducifolio
2002,Artibeus jamaicensis,ANP El Salado,El Vivero,350,bosque tropical subcaducifolio
2002,Artibeus lituratus,ANP El Salado,El Vivero,350,bosque tropical subcaducifolio
2002,Artibeus jamaicensis,ANP El Salado,El Vivero,350,bosque tropical subcaducifolio
2002,Artibeus lituratus,ANP El Salado,El Vivero,350,bosque tropical subcaducifolio
2002,Artibeus lituratus,ANP El Salado,El Vivero,350,bosque tropical subcaducifolio
2002,Artibeus jamaicensis,ANP El Salado,El Vivero,350,bosque tropical subcaducifolio
2002,Artibeus lituratus,ANP El Salado,El Vivero,350,bosque tropical subcaducifolio
2002,Artibeus lituratus,ANP El Salado,El Vivero,350,bosque tropical subcaducifolio
2002,Artibeus lituratus,ANP El Salado,El Vivero,350,bosque tropical subcaducifolio
2002,Artibeus lituratus,ANP El Salado,El Vivero,350,bosque tropical subcaducifolio
2002,Artibeus jamaicensis,ANP El Salado,El Vivero,350,bosque tropical subcaducifolio
2002,Artibeus lituratus,ANP El Salado,El Vivero,350,bosque tropical subcaducifolio
2002,Artibeus lituratus,ANP El Salado,El Vivero,350,bosque tropical subcaducifolio
2002,Artibeus lituratus,ANP El Salado,El Vivero,350,bosque tropical subcaducifolio
2002,Artibeus jamaicensis,ANP El Salado,El Vivero,350,bosque tropical subcaducifolio
2002,Artibeus lituratus,ANP El Salado,El Vivero,350,bosque tropical subcaducifolio
2002,Artibeus lituratus,ANP El Salado,El Vivero,350,bosque tropical subcaducifolio
2002,Artibeus lituratus,ANP El Salado,El Vivero,350,bosque tropical subcaducifolio
2002,Artibeus lituratus,ANP El Salado,El Vivero,350,bosque tropical subcaducifolio
2002,Artibeus jamaicensis,ANP El Salado,El Vivero,350,bosque tropical subcaducifolio
2002,Artibeus lituratus,ANP El Salado,El Vivero,350,bosque tropical subcaducifolio
2002,Artibeus lituratus,ANP El Salado,El Vivero,350,bosque tropical subcaducifolio
2002,Artibeus lituratus,ANP El Salado,El Vivero,350,bosque tropical subcaducifolio
2002,Artibeus lituratus,ANP El Salado,El Vivero,350,bosque tropical subcaducifolio
2002,Artibeus lituratus,ANP El Salado,El Vivero,350,bosque tropical subcaducifolio
2002,Artibeus jamaicensis,ANP El Salado,El Vivero,350,bosque tropical subcaducifolio
2002,Artibeus lituratus,ANP El Salado,El Vivero,350,bosque tropical subcaducifolio
2002,Artibeus jamaicensis,ANP El Salado,El Vivero,350,bosque tropical subcaducifolio
2002,Artibeus jamaicensis,ANP El Salado,El Vivero,350,bosque tropical subcaducifolio
2002,Artibeus jamaicensis,ANP El Salado,El Vivero,350,bosque tropical subcaducifolio
2002,Dermanura phaeotis,ANP El Salado,El Vivero,350,bosque tropical subcaducifolio
2002,Lasiurus frantzii,ANP La Primavera,Cerritos Colorados,1358,Bosque de pino
2002,Nyctinomops femorosaccus,ANP La Primavera,Cerritos Colorados,1358,Bosque de pino
2002,Lasiurus cinereus,ANP La Primavera,Cerritos Colorados,1358,Bosque de pino
2002,Lasiurus cinereus,ANP La Primavera,Cerritos Colorados,1358,Bosque de pino
2002,Dermanura tolteca,ANP La Primavera,Los Guayabos,850,Riparia y encino
2002,Dermanura tolteca,ANP La Primavera,Los Guayabos,850,Riparia y encino
2002,Sturnira parvidens,ANP La Primavera,Los Guayabos,850,Riparia y encino
2002,Dermanura tolteca,ANP La Primavera,Los Guayabos,850,Riparia y encino
2002,Sturnira parvidens,ANP La Primavera,Los Guayabos,850,Riparia y encino
2002,Sturnira parvidens,ANP La Primavera,Los Guayabos,850,Riparia y encino
2002,Lasiurus cinereus,ANP La Primavera,Los Guayabos,850,Riparia y encino
2002,Eptesicus fuscus,ANP La Primavera,Los Guayabos,850,Riparia y encino
2002,Sturnira parvidens,ANP La Primavera,Los Guayabos,850,Riparia y encino
2002,Artibeus hirsutus,ANP La Primavera,Los Guayabos,850,Riparia y encino
2002,Eptesicus fuscus,ANP La Primavera,Los Guayabos,850,Riparia y encino
2002,Eptesicus fuscus,ANP La Primavera,Los Guayabos,850,Riparia y encino
2002,Eptesicus fuscus,ANP La Primavera,Los Guayabos,850,Riparia y encino
2002,Lasiurus cinereus,ANP La Primavera,Los Guayabos,850,Riparia y encino
2002,Sturnira parvidens,ANP La Primavera,Los Guayabos,850,Riparia y encino
2002,Eptesicus fuscus,ANP La Primavera,Los Guayabos,850,Riparia y encino
2002,Artibeus lituratus,ANP El Salado,Las Higueras,235,Vegetación secundaria
2002,Artibeus lituratus,ANP El Salado,Las Higueras,235,Vegetación secundaria
2002,Artibeus lituratus,ANP El Salado,Las Higueras,235,Vegetación secundaria
2002,Artibeus lituratus,ANP El Salado,Las Higueras,235,Vegetación secundaria
2002,Artibeus jamaicensis,ANP El Salado,Las Higueras,235,Vegetación secundaria
2002,Artibeus lituratus,ANP El Salado,Las Higueras,235,Vegetación secundaria
2002,Artibeus lituratus,ANP El Salado,Las Higueras,235,Vegetación secundaria
2002,Artibeus jamaicensis,ANP El Salado,Las Higueras,235,Vegetación secundaria
2002,Artibeus lituratus,ANP El Salado,Las Higueras,235,Vegetación secundaria
2002,Artibeus lituratus,ANP El Salado,Las Higueras,235,Vegetación secundaria
2002,Artibeus lituratus,ANP El Salado,Las Higueras,235,Vegetación secundaria
2002,Artibeus lituratus,ANP El Salado,Las Higueras,235,Vegetación secundaria
2002,Artibeus lituratus,ANP El Salado,Las Higueras,235,Vegetación secundaria
2002,Artibeus lituratus,ANP El Salado,Las Higueras,235,Vegetación secundaria
2002,Artibeus lituratus,ANP El Salado,Las Higueras,235,Vegetación secundaria
2002,Artibeus lituratus,ANP El Salado,Las Higueras,235,Vegetación secundaria
2002,Artibeus lituratus,ANP El Salado,Las Higueras,235,Vegetación secundaria
2002,Artibeus lituratus,ANP El Salado,Las Higueras,235,Vegetación secundaria
2002,Artibeus lituratus,ANP El Salado,Las Higueras,235,Vegetación secundaria
2002,Artibeus lituratus,ANP El Salado,Las Higueras,235,Vegetación secundaria
2002,Artibeus jamaicensis,ANP El Salado,Las Higueras,235,Vegetación secundaria
2002,Artibeus jamaicensis,ANP El Salado,Las Higueras,235,Vegetación secundaria
2002,Artibeus lituratus,ANP El Salado,Las Higueras,235,Vegetación secundaria
2002,Artibeus lituratus,ANP El Salado,Las Higueras,235,Vegetación secundaria
2002,Artibeus lituratus,ANP El Salado,Las Higueras,235,Vegetación secundaria
2002,Artibeus lituratus,ANP El Salado,Las Higueras,235,Vegetación secundaria
2002,Artibeus lituratus,ANP El Salado,Las Higueras,235,Vegetación secundaria
2002,Artibeus lituratus,ANP El Salado,Las Higueras,235,Vegetación secundaria
2002,Artibeus lituratus,ANP El Salado,Las Higueras,235,Vegetación secundaria
2002,Artibeus lituratus,ANP El Salado,Las Higueras,235,Vegetación secundaria
2002,Artibeus lituratus,ANP El Salado,Las Higueras,235,Vegetación secundaria
2002,Artibeus lituratus,ANP El Salado,Las Higueras,235,Vegetación secundaria
2002,Glossophaga mutica,ANP El Salado,Las Higueras,235,Vegetación secundaria
2002,Artibeus lituratus,ANP El Salado,Las Higueras,235,Vegetación secundaria
2002,Artibeus lituratus,ANP El Salado,Las Higueras,235,Vegetación secundaria
2002,Artibeus lituratus,ANP El Salado,Las Higueras,235,Vegetación secundaria
2002,Artibeus lituratus,ANP El Salado,Las Higueras,235,Vegetación secundaria
2002,Artibeus lituratus,ANP El Salado,Las Higueras,235,Vegetación secundaria
2002,Artibeus lituratus,ANP El Salado,Las Higueras,235,Vegetación secundaria
2002,Artibeus lituratus,ANP El Salado,Las Higueras,235,Vegetación secundaria
2002,Artibeus lituratus,ANP El Salado,Las Higueras,235,Vegetación secundaria
2002,Artibeus lituratus,ANP El Salado,Las Higueras,235,Vegetación secundaria
2002,Artibeus lituratus,ANP El Salado,Las Higueras,235,Vegetación secundaria
2002,Artibeus lituratus,ANP El Salado,Las Higueras,235,Vegetación secundaria
2002,Artibeus lituratus,ANP El Salado,Las Higueras,235,Vegetación secundaria
2002,Artibeus lituratus,ANP El Salado,Las Higueras,235,Vegetación secundaria
2002,Artibeus lituratus,ANP El Salado,Las Higueras,235,Vegetación secundaria
2002,Artibeus lituratus,ANP El Salado,Las Higueras,235,Vegetación secundaria
2002,Artibeus lituratus,ANP El Salado,Las Higueras,235,Vegetación secundaria
2002,Artibeus lituratus,ANP El Salado,Las Higueras,235,Vegetación secundaria
2002,Artibeus lituratus,ANP El Salado,Las Higueras,235,Vegetación secundaria
2002,Artibeus lituratus,ANP El Salado,Las Higueras,235,Vegetación secundaria
2002,Artibeus lituratus,ANP El Salado,Las Higueras,235,Vegetación secundaria
2002,Artibeus lituratus,ANP El Salado,Las Higueras,235,Vegetación secundaria
2002,Artibeus lituratus,ANP El Salado,Las Higueras,235,Vegetación secundaria
2002,Artibeus lituratus,ANP El Salado,Las Higueras,235,Vegetación secundaria
2002,Artibeus lituratus,ANP El Salado,Las Higueras,235,Vegetación secundaria
2002,Artibeus lituratus,ANP El Salado,Las Higueras,235,Vegetación secundaria
2002,Artibeus lituratus,ANP El Salado,Las Higueras,235,Vegetación secundaria
2002,Artibeus lituratus,ANP El Salado,Las Higueras,235,Vegetación secundaria
2002,Artibeus lituratus,ANP El Salado,Las Higueras,235,Vegetación secundaria
2002,Artibeus lituratus,ANP El Salado,Las Higueras,235,Vegetación secundaria
2002,Artibeus lituratus,ANP El Salado,Las Higueras,235,Vegetación secundaria
2002,Artibeus jamaicensis,ANP El Salado,Las Higueras,235,Vegetación secundaria
2002,Artibeus lituratus,ANP El Salado,Las Higueras,235,Vegetación secundaria
2002,Artibeus lituratus,ANP El Salado,Las Higueras,235,Vegetación secundaria
2002,Artibeus lituratus,ANP El Salado,Las Higueras,235,Vegetación secundaria
2002,Artibeus lituratus,ANP El Salado,Las Higueras,235,Vegetación secundaria
2002,Artibeus lituratus,ANP El Salado,Las Higueras,235,Vegetación secundaria
2002,Artibeus lituratus,ANP El Salado,Las Higueras,235,Vegetación secundaria
2002,Artibeus lituratus,ANP El Salado,El Vivero,350,bosque tropical subcaducifolio
2002,Artibeus lituratus,ANP El Salado,El Vivero,350,bosque tropical subcaducifolio
2002,Artibeus lituratus,ANP El Salado,El Vivero,350,bosque tropical subcaducifolio
2002,Artibeus lituratus,ANP El Salado,El Vivero,350,bosque tropical subcaducifolio
2002,Artibeus lituratus,ANP El Salado,El Vivero,350,bosque tropical subcaducifolio
2002,Artibeus lituratus,ANP El Salado,El Vivero,350,bosque tropical subcaducifolio
2002,Artibeus lituratus,ANP El Salado,El Vivero,350,bosque tropical subcaducifolio
2002,Artibeus jamaicensis,ANP El Salado,El Vivero,350,bosque tropical subcaducifolio
2002,Artibeus lituratus,ANP El Salado,El Vivero,350,bosque tropical subcaducifolio
2002,Artibeus lituratus,ANP El Salado,El Vivero,350,bosque tropical subcaducifolio
2002,Dermanura phaeotis,ANP El Salado,El Vivero,350,bosque tropical subcaducifolio
2002,Glossophaga mutica,ANP El Salado,El Vivero,350,bosque tropical subcaducifolio
2002,Artibeus lituratus,ANP El Salado,El Vivero,350,bosque tropical subcaducifolio
2002,Artibeus lituratus,ANP El Salado,El Vivero,350,bosque tropical subcaducifolio
2002,Artibeus lituratus,ANP El Salado,El Vivero,350,bosque tropical subcaducifolio
2002,Artibeus lituratus,ANP El Salado,El Vivero,350,bosque tropical subcaducifolio
2002,Artibeus lituratus,ANP El Salado,El Vivero,350,bosque tropical subcaducifolio
2002,Artibeus lituratus,ANP El Salado,El Vivero,350,bosque tropical subcaducifolio
2002,Glossophaga mutica,ANP El Salado,El Vivero,350,bosque tropical subcaducifolio
2002,Glossophaga mutica,ANP El Salado,El Vivero,350,bosque tropical subcaducifolio
2002,Glossophaga mutica,ANP El Salado,El Vivero,350,bosque tropical subcaducifolio
2002,Artibeus lituratus,ANP El Salado,El Vivero,350,bosque tropical subcaducifolio
2002,Artibeus lituratus,ANP El Salado,El Vivero,350,bosque tropical subcaducifolio
2002,Sturnira parvidens,ANP El Salado,El Vivero,350,bosque tropical subcaducifolio
2002,Artibeus lituratus,ANP El Salado,El Vivero,350,bosque tropical subcaducifolio
2002,Artibeus lituratus,ANP El Salado,El Vivero,350,bosque tropical subcaducifolio
2002,Artibeus lituratus,ANP El Salado,El Vivero,350,bosque tropical subcaducifolio
2002,Artibeus lituratus,ANP El Salado,El Vivero,350,bosque tropical subcaducifolio
2002,Artibeus lituratus,ANP El Salado,El Vivero,350,bosque tropical subcaducifolio
2002,Artibeus lituratus,ANP El Salado,El Vivero,350,bosque tropical subcaducifolio
2002,Artibeus lituratus,ANP El Salado,El Vivero,350,bosque tropical subcaducifolio
2002,Artibeus lituratus,ANP El Salado,El Vivero,350,bosque tropical subcaducifolio
2002,Artibeus lituratus,ANP El Salado,El Vivero,350,bosque tropical subcaducifolio
2002,Glossophaga mutica,ANP El Salado,El Vivero,350,bosque tropical subcaducifolio
2002,Artibeus lituratus,ANP El Salado,El Vivero,350,bosque tropical subcaducifolio
2002,Glossophaga mutica,ANP El Salado,El Vivero,350,bosque tropical subcaducifolio
2002,Artibeus lituratus,ANP El Salado,El Vivero,350,bosque tropical subcaducifolio
2002,Glossophaga mutica,ANP El Salado,El Vivero,350,bosque tropical subcaducifolio
2002,Artibeus lituratus,ANP El Salado,El Vivero,350,bosque tropical subcaducifolio
2002,Artibeus lituratus,ANP El Salado,El Vivero,350,bosque tropical subcaducifolio
2002,Glossophaga mutica,ANP El Salado,El Vivero,350,bosque tropical subcaducifolio
2002,Glossophaga mutica,ANP El Salado,El Vivero,350,bosque tropical subcaducifolio
2002,Glossophaga mutica,ANP El Salado,El Vivero,350,bosque tropical subcaducifolio
2002,Artibeus lituratus,ANP El Salado,El Vivero,350,bosque tropical subcaducifolio
2002,Artibeus lituratus,ANP El Salado,El Vivero,350,bosque tropical subcaducifolio
2002,Glossophaga mutica,ANP El Salado,El Vivero,350,bosque tropical subcaducifolio
2002,Glossophaga mutica,ANP El Salado,El Vivero,350,bosque tropical subcaducifolio
2002,Glossophaga mutica,ANP El Salado,El Vivero,350,bosque tropical subcaducifolio
2002,Artibeus jamaicensis,ANP El Salado,El Vivero,350,bosque tropical subcaducifolio
2002,Artibeus lituratus,ANP El Salado,El Vivero,350,bosque tropical subcaducifolio
2002,Artibeus jamaicensis,ANP El Salado,El Vivero,350,bosque tropical subcaducifolio
2002,Artibeus lituratus,ANP El Salado,El Vivero,350,bosque tropical subcaducifolio
2002,Glossophaga mutica,ANP El Salado,El Vivero,350,bosque tropical subcaducifolio
2002,Artibeus lituratus,ANP El Salado,El Vivero,350,bosque tropical subcaducifolio
2002,Artibeus lituratus,ANP El Salado,El Vivero,350,bosque tropical subcaducifolio
2002,Artibeus jamaicensis,ANP El Salado,El Vivero,350,bosque tropical subcaducifolio
2002,Artibeus lituratus,ANP El Salado,El Vivero,350,bosque tropical subcaducifolio
2002,Artibeus lituratus,ANP El Salado,El Vivero,350,bosque tropical subcaducifolio
2002,Artibeus lituratus,ANP El Salado,El Vivero,350,bosque tropical subcaducifolio
2002,Artibeus lituratus,ANP El Salado,El Vivero,350,bosque tropical subcaducifolio
2002,Artibeus lituratus,ANP El Salado,El Vivero,350,bosque tropical subcaducifolio
2002,Artibeus jamaicensis,ANP El Salado,El Vivero,350,bosque tropical subcaducifolio
2002,Glossophaga mutica,ANP El Salado,El Vivero,350,bosque tropical subcaducifolio
2002,Dermanura phaeotis,ANP El Salado,El Vivero,350,bosque tropical subcaducifolio
2002,Artibeus lituratus,ANP El Salado,El Vivero,350,bosque tropical subcaducifolio
2002,Glossophaga mutica,ANP El Salado,El Vivero,350,bosque tropical subcaducifolio
2002,Artibeus lituratus,ANP El Salado,El Vivero,350,bosque tropical subcaducifolio
2002,Artibeus lituratus,ANP El Salado,El Vivero,350,bosque tropical subcaducifolio
2002,Artibeus lituratus,ANP El Salado,El Vivero,350,bosque tropical subcaducifolio
2002,Glossophaga mutica,ANP El Salado,El Vivero,350,bosque tropical subcaducifolio
2002,Glossophaga mutica,ANP El Salado,El Vivero,350,bosque tropical subcaducifolio
2002,Artibeus lituratus,ANP El Salado,El Vivero,350,bosque tropical subcaducifolio
2002,Artibeus jamaicensis,ANP El Salado,El Vivero,350,bosque tropical subcaducifolio
2002,Glossophaga mutica,ANP El Salado,El Vivero,350,bosque tropical subcaducifolio
2002,Artibeus lituratus,ANP El Salado,El Vivero,350,bosque tropical subcaducifolio
2002,Glossophaga mutica,ANP El Salado,El Vivero,350,bosque tropical subcaducifolio
2002,Artibeus lituratus,ANP El Salado,El Vivero,350,bosque tropical subcaducifolio
2002,Artibeus lituratus,ANP El Salado,El Vivero,350,bosque tropical subcaducifolio
2002,Artibeus lituratus,ANP El Salado,El Vivero,350,bosque tropical subcaducifolio
2002,Artibeus lituratus,ANP El Salado,El Vivero,350,bosque tropical subcaducifolio
2002,Artibeus lituratus,ANP El Salado,El Vivero,350,bosque tropical subcaducifolio
2002,Artibeus lituratus,ANP El Salado,El Vivero,350,bosque tropical subcaducifolio
2002,Glossophaga mutica,ANP El Salado,El Vivero,350,bosque tropical subcaducifolio
2002,Artibeus lituratus,ANP El Salado,El Vivero,350,bosque tropical subcaducifolio
2002,Artibeus lituratus,ANP El Salado,El Vivero,350,bosque tropical subcaducifolio
2002,Artibeus jamaicensis,ANP El Salado,El Vivero,350,bosque tropical subcaducifolio
2002,Artibeus lituratus,ANP El Salado,El Vivero,350,bosque tropical subcaducifolio
2002,Artibeus lituratus,ANP El Salado,El Vivero,350,bosque tropical subcaducifolio
2002,Artibeus lituratus,ANP El Salado,El Vivero,350,bosque tropical subcaducifolio
2002,Artibeus lituratus,ANP El Salado,El Vivero,350,bosque tropical subcaducifolio
2002,Artibeus lituratus,ANP El Salado,El Vivero,350,bosque tropical subcaducifolio
2002,Artibeus lituratus,ANP El Salado,El Vivero,350,bosque tropical subcaducifolio
2002,Glossophaga mutica,ANP El Salado,El Vivero,350,bosque tropical subcaducifolio
2002,Artibeus lituratus,ANP El Salado,El Vivero,350,bosque tropical subcaducifolio
2002,Glossophaga mutica,ANP El Salado,El Vivero,350,bosque tropical subcaducifolio
2002,Artibeus lituratus,ANP El Salado,El Vivero,350,bosque tropical subcaducifolio
2002,Artibeus lituratus,ANP El Salado,El Vivero,350,bosque tropical subcaducifolio
2002,Glossophaga mutica,ANP El Salado,El Vivero,350,bosque tropical subcaducifolio
2002,Artibeus lituratus,ANP El Salado,El Vivero,350,bosque tropical subcaducifolio
2002,Glossophaga mutica,ANP El Salado,El Vivero,350,bosque tropical subcaducifolio
2002,Tadarida brasiliensis,ANP La Primavera,Cerritos Colorados,1358,Bosque de pino
2002,Tadarida brasiliensis,ANP La Primavera,Cerritos Colorados,1358,Bosque de pino
2002,Macrotus waterhousii,ANP La Primavera,Cerritos Colorados,1358,Bosque de pino
2002,Tadarida brasiliensis,ANP La Primavera,Cerritos Colorados,1358,Bosque de pino
2002,Tadarida brasiliensis,ANP La Primavera,Cerritos Colorados,1358,Bosque de pino
2002,Nyctinomops femorosaccus,ANP La Primavera,Cerritos Colorados,1358,Bosque de pino
2002,Tadarida brasiliensis,ANP La Primavera,Cerritos Colorados,1358,Bosque de pino
2002,Macrotus waterhousii,ANP La Primavera,Cerritos Colorados,1358,Bosque de pino
2002,Lasiurus frantzii,ANP La Primavera,Los Guayabos,850,Riparia y encino
2002,Sturnira parvidens,ANP La Primavera,Los Guayabos,850,Riparia y encino
2002,Dermanura tolteca,ANP La Primavera,Los Guayabos,850,Riparia y encino
2002,Sturnira parvidens,ANP La Primavera,Los Guayabos,850,Riparia y encino
2002,Lasiurus cinereus,ANP La Primavera,Los Guayabos,850,Riparia y encino
2002,Sturnira parvidens,ANP La Primavera,Los Guayabos,850,Riparia y encino
2002,Sturnira parvidens,ANP La Primavera,Los Guayabos,850,Riparia y encino
2002,Lasiurus frantzii,ANP La Primavera,Los Guayabos,850,Riparia y encino
2002,Artibeus lituratus,ANP El Salado,Las Higueras,235,Vegetación secundaria
2002,Artibeus lituratus,ANP El Salado,Las Higueras,235,Vegetación secundaria
2002,Artibeus lituratus,ANP El Salado,Las Higueras,235,Vegetación secundaria
2002,Artibeus jamaicensis,ANP El Salado,Las Higueras,235,Vegetación secundaria
2002,Artibeus lituratus,ANP El Salado,Las Higueras,235,Vegetación secundaria
2002,Glossophaga mutica,ANP El Salado,Las Higueras,235,Vegetación secundaria
2002,Dermanura phaeotis,ANP El Salado,Las Higueras,235,Vegetación secundaria
2002,Artibeus lituratus,ANP El Salado,Las Higueras,235,Vegetación secundaria
2002,Artibeus lituratus,ANP El Salado,Las Higueras,235,Vegetación secundaria
2002,Artibeus lituratus,ANP El Salado,Las Higueras,235,Vegetación secundaria
2002,Dermanura phaeotis,ANP El Salado,Las Higueras,235,Vegetación secundaria
2002,Artibeus jamaicensis,ANP El Salado,Las Higueras,235,Vegetación secundaria
2002,Artibeus lituratus,ANP El Salado,Las Higueras,235,Vegetación secundaria
2002,Artibeus lituratus,ANP El Salado,Las Higueras,235,Vegetación secundaria
2002,Artibeus lituratus,ANP El Salado,Las Higueras,235,Vegetación secundaria
2002,Artibeus lituratus,ANP El Salado,Las Higueras,235,Vegetación secundaria
2002,Artibeus jamaicensis,ANP El Salado,Las Higueras,235,Vegetación secundaria
2002,Artibeus lituratus,ANP El Salado,Las Higueras,235,Vegetación secundaria
2002,Artibeus lituratus,ANP El Salado,Las Higueras,235,Vegetación secundaria
2002,Artibeus lituratus,ANP El Salado,Las Higueras,235,Vegetación secundaria
2002,Artibeus jamaicensis,ANP El Salado,Las Higueras,235,Vegetación secundaria
2002,Artibeus lituratus,ANP El Salado,Las Higueras,235,Vegetación secundaria
2002,Artibeus lituratus,ANP El Salado,Las Higueras,235,Vegetación secundaria
2002,Artibeus lituratus,ANP El Salado,Las Higueras,235,Vegetación secundaria
2002,Artibeus lituratus,ANP El Salado,Las Higueras,235,Vegetación secundaria
2002,Artibeus lituratus,ANP El Salado,Las Higueras,235,Vegetación secundaria
2002,Artibeus lituratus,ANP El Salado,Las Higueras,235,Vegetación secundaria
2002,Artibeus lituratus,ANP El Salado,Las Higueras,235,Vegetación secundaria
2002,Artibeus lituratus,ANP El Salado,Las Higueras,235,Vegetación secundaria
2002,Artibeus jamaicensis,ANP El Salado,Las Higueras,235,Vegetación secundaria
2002,Sturnira parvidens,ANP El Salado,Las Higueras,235,Vegetación secundaria
2002,Artibeus lituratus,ANP El Salado,Las Higueras,235,Vegetación secundaria
2002,Artibeus lituratus,ANP El Salado,Las Higueras,235,Vegetación secundaria
2002,Artibeus lituratus,ANP El Salado,Las Higueras,235,Vegetación secundaria
2002,Artibeus lituratus,ANP El Salado,Las Higueras,235,Vegetación secundaria
2002,Artibeus lituratus,ANP El Salado,Las Higueras,235,Vegetación secundaria
2002,Artibeus lituratus,ANP El Salado,Las Higueras,235,Vegetación secundaria
2002,Artibeus lituratus,ANP El Salado,Las Higueras,235,Vegetación secundaria
2002,Artibeus lituratus,ANP El Salado,Las Higueras,235,Vegetación secundaria
2002,Artibeus lituratus,ANP El Salado,Las Higueras,235,Vegetación secundaria
2002,Artibeus lituratus,ANP El Salado,Las Higueras,235,Vegetación secundaria
2002,Artibeus lituratus,ANP El Salado,Las Higueras,235,Vegetación secundaria
2002,Artibeus lituratus,ANP El Salado,Las Higueras,235,Vegetación secundaria
2002,Artibeus lituratus,ANP El Salado,Las Higueras,235,Vegetación secundaria
2002,Artibeus lituratus,ANP El Salado,Las Higueras,235,Vegetación secundaria
2002,Artibeus lituratus,ANP El Salado,Las Higueras,235,Vegetación secundaria
2002,Artibeus lituratus,ANP El Salado,Las Higueras,235,Vegetación secundaria
2002,Artibeus lituratus,ANP El Salado,Las Higueras,235,Vegetación secundaria
2002,Artibeus jamaicensis,ANP El Salado,Las Higueras,235,Vegetación secundaria
2002,Dermanura phaeotis,ANP El Salado,Las Higueras,235,Vegetación secundaria
2002,Artibeus lituratus,ANP El Salado,Las Higueras,235,Vegetación secundaria
2002,Artibeus lituratus,ANP El Salado,Las Higueras,235,Vegetación secundaria
2002,Artibeus lituratus,ANP El Salado,Las Higueras,235,Vegetación secundaria
2002,Artibeus lituratus,ANP El Salado,Las Higueras,235,Vegetación secundaria
2002,Artibeus lituratus,ANP El Salado,El Vivero,350,bosque tropical subcaducifolio
2002,Glossophaga mutica,ANP El Salado,El Vivero,350,bosque tropical subcaducifolio
2002,Artibeus lituratus,ANP El Salado,El Vivero,350,bosque tropical subcaducifolio
2002,Artibeus lituratus,ANP El Salado,El Vivero,350,bosque tropical subcaducifolio
2002,Dermanura phaeotis,ANP El Salado,El Vivero,350,bosque tropical subcaducifolio
2002,Artibeus lituratus,ANP El Salado,El Vivero,350,bosque tropical subcaducifolio
2002,Artibeus lituratus,ANP El Salado,El Vivero,350,bosque tropical subcaducifolio
2002,Glossophaga mutica,ANP El Salado,El Vivero,350,bosque tropical subcaducifolio
2002,Artibeus lituratus,ANP El Salado,El Vivero,350,bosque tropical subcaducifolio
2002,Glossophaga mutica,ANP El Salado,El Vivero,350,bosque tropical subcaducifolio
2002,Pteronotus fulvus,ANP El Salado,El Vivero,350,bosque tropical subcaducifolio
2002,Artibeus lituratus,ANP El Salado,El Vivero,350,bosque tropical subcaducifolio
2002,Artibeus lituratus,ANP El Salado,El Vivero,350,bosque tropical subcaducifolio
2002,Dermanura phaeotis,ANP El Salado,El Vivero,350,bosque tropical subcaducifolio
2002,Glossophaga mutica,ANP El Salado,El Vivero,350,bosque tropical subcaducifolio
2002,Artibeus lituratus,ANP El Salado,El Vivero,350,bosque tropical subcaducifolio
2002,Glossophaga mutica,ANP El Salado,El Vivero,350,bosque tropical subcaducifolio
2002,Artibeus jamaicensis,ANP El Salado,El Vivero,350,bosque tropical subcaducifolio
2002,Sturnira parvidens,ANP El Salado,El Vivero,350,bosque tropical subcaducifolio
2002,Glossophaga mutica,ANP El Salado,El Vivero,350,bosque tropical subcaducifolio
2002,Glossophaga mutica,ANP El Salado,El Vivero,350,bosque tropical subcaducifolio
2002,Glossophaga mutica,ANP El Salado,El Vivero,350,bosque tropical subcaducifolio
2002,Artibeus jamaicensis,ANP El Salado,El Vivero,350,bosque tropical subcaducifolio
2002,Glossophaga mutica,ANP El Salado,El Vivero,350,bosque tropical subcaducifolio
2002,Artibeus lituratus,ANP El Salado,El Vivero,350,bosque tropical subcaducifolio
2002,Glossophaga mutica,ANP El Salado,El Vivero,350,bosque tropical subcaducifolio
2002,Artibeus lituratus,ANP El Salado,El Vivero,350,bosque tropical subcaducifolio
2002,Glossophaga mutica,ANP El Salado,El Vivero,350,bosque tropical subcaducifolio
2002,Artibeus lituratus,ANP El Salado,El Vivero,350,bosque tropical subcaducifolio
2002,Glossophaga mutica,ANP El Salado,El Vivero,350,bosque tropical subcaducifolio
2002,Artibeus lituratus,ANP El Salado,El Vivero,350,bosque tropical subcaducifolio
2002,Glossophaga mutica,ANP El Salado,El Vivero,350,bosque tropical subcaducifolio
2002,Artibeus jamaicensis,ANP El Salado,El Vivero,350,bosque tropical subcaducifolio
2002,Glossophaga mutica,ANP El Salado,El Vivero,350,bosque tropical subcaducifolio
2002,Artibeus lituratus,ANP El Salado,El Vivero,350,bosque tropical subcaducifolio
2002,Artibeus lituratus,ANP El Salado,El Vivero,350,bosque tropical subcaducifolio
2002,Artibeus lituratus,ANP El Salado,El Vivero,350,bosque tropical subcaducifolio
2002,Artibeus lituratus,ANP El Salado,El Vivero,350,bosque tropical subcaducifolio
2002,Artibeus lituratus,ANP El Salado,El Vivero,350,bosque tropical subcaducifolio
2002,Glossophaga mutica,ANP El Salado,El Vivero,350,bosque tropical subcaducifolio
2002,Glossophaga mutica,ANP El Salado,El Vivero,350,bosque tropical subcaducifolio
2002,Glossophaga mutica,ANP El Salado,El Vivero,350,bosque tropical subcaducifolio
2002,Artibeus lituratus,ANP El Salado,El Vivero,350,bosque tropical subcaducifolio
2002,Artibeus jamaicensis,ANP El Salado,El Vivero,350,bosque tropical subcaducifolio
2002,Artibeus lituratus,ANP El Salado,El Vivero,350,bosque tropical subcaducifolio
2002,Sturnira parvidens,ANP El Salado,El Vivero,350,bosque tropical subcaducifolio
2002,Artibeus jamaicensis,ANP El Salado,El Vivero,350,bosque tropical subcaducifolio
2002,Artibeus jamaicensis,ANP El Salado,El Vivero,350,bosque tropical subcaducifolio
2002,Glossophaga mutica,ANP El Salado,El Vivero,350,bosque tropical subcaducifolio
2002,Artibeus lituratus,ANP El Salado,El Vivero,350,bosque tropical subcaducifolio
2002,Artibeus lituratus,ANP El Salado,El Vivero,350,bosque tropical subcaducifolio
2002,Artibeus jamaicensis,ANP El Salado,El Vivero,350,bosque tropical subcaducifolio
2002,Artibeus lituratus,ANP El Salado,El Vivero,350,bosque tropical subcaducifolio
2002,Artibeus lituratus,ANP El Salado,El Vivero,350,bosque tropical subcaducifolio
2002,Artibeus lituratus,ANP El Salado,El Vivero,350,bosque tropical subcaducifolio
2002,Artibeus lituratus,ANP El Salado,El Vivero,350,bosque tropical subcaducifolio
2002,Glossophaga mutica,ANP El Salado,El Vivero,350,bosque tropical subcaducifolio
2002,Glossophaga mutica,ANP El Salado,El Vivero,350,bosque tropical subcaducifolio
2002,Artibeus lituratus,ANP El Salado,El Vivero,350,bosque tropical subcaducifolio
2002,Artibeus lituratus,ANP El Salado,El Vivero,350,bosque tropical subcaducifolio
2002,Artibeus lituratus,ANP El Salado,El Vivero,350,bosque tropical subcaducifolio
2002,Artibeus lituratus,ANP El Salado,El Vivero,350,bosque tropical subcaducifolio
2002,Artibeus lituratus,ANP El Salado,El Vivero,350,bosque tropical subcaducifolio
2002,Sturnira parvidens,ANP El Salado,El Vivero,350,bosque tropical subcaducifolio
2002,Artibeus lituratus,ANP El Salado,El Vivero,350,bosque tropical subcaducifolio
2002,Artibeus lituratus,ANP El Salado,El Vivero,350,bosque tropical subcaducifolio
2002,Artibeus lituratus,ANP El Salado,El Vivero,350,bosque tropical subcaducifolio
2002,Glossophaga mutica,ANP El Salado,El Vivero,350,bosque tropical subcaducifolio
2002,Artibeus lituratus,ANP El Salado,El Vivero,350,bosque tropical subcaducifolio
2002,Artibeus lituratus,ANP El Salado,El Vivero,350,bosque tropical subcaducifolio
2002,Artibeus jamaicensis,ANP El Salado,El Vivero,350,bosque tropical subcaducifolio
2002,Glossophaga mutica,ANP El Salado,El Vivero,350,bosque tropical subcaducifolio
2002,Artibeus lituratus,ANP El Salado,El Vivero,350,bosque tropical subcaducifolio
2002,Artibeus lituratus,ANP El Salado,El Vivero,350,bosque tropical subcaducifolio
2002,Artibeus lituratus,ANP El Salado,El Vivero,350,bosque tropical subcaducifolio
2002,Artibeus lituratus,ANP El Salado,El Vivero,350,bosque tropical subcaducifolio
2002,Artibeus lituratus,ANP El Salado,El Vivero,350,bosque tropical subcaducifolio
2002,Artibeus lituratus,ANP El Salado,El Vivero,350,bosque tropical subcaducifolio
2002,Artibeus lituratus,ANP El Salado,El Vivero,350,bosque tropical subcaducifolio
2002,Artibeus jamaicensis,ANP El Salado,El Vivero,350,bosque tropical subcaducifolio
2002,Sturnira parvidens,ANP El Salado,El Vivero,350,bosque tropical subcaducifolio
2002,Artibeus lituratus,ANP El Salado,El Vivero,350,bosque tropical subcaducifolio
2002,Artibeus lituratus,ANP El Salado,El Vivero,350,bosque tropical subcaducifolio
2002,Artibeus jamaicensis,ANP El Salado,El Vivero,350,bosque tropical subcaducifolio
2002,Artibeus lituratus,ANP El Salado,El Vivero,350,bosque tropical subcaducifolio
2002,Lasiurus xanthinus,ANP El Salado,El Vivero,350,bosque tropical subcaducifolio
2002,Artibeus lituratus,ANP El Salado,El Vivero,350,bosque tropical subcaducifolio
2002,Artibeus jamaicensis,ANP El Salado,El Vivero,350,bosque tropical subcaducifolio
2002,Glossophaga mutica,ANP El Salado,El Vivero,350,bosque tropical subcaducifolio
2002,Dermanura phaeotis,ANP El Salado,El Vivero,350,bosque tropical subcaducifolio
2002,Artibeus lituratus,ANP El Salado,El Vivero,350,bosque tropical subcaducifolio
2002,Artibeus lituratus,ANP El Salado,El Vivero,350,bosque tropical subcaducifolio
2002,Artibeus lituratus,ANP El Salado,El Vivero,350,bosque tropical subcaducifolio
2002,Artibeus lituratus,ANP El Salado,El Vivero,350,bosque tropical subcaducifolio
2003,Myotis californicus,ANP La Primavera,Cerritos Colorados,1358,Bosque de pino
2003,Nyctinomops femorosaccus,ANP La Primavera,Cerritos Colorados,1358,Bosque de pino
2003,Tadarida brasiliensis,ANP La Primavera,Cerritos Colorados,1358,Bosque de pino
2003,Sturnira parvidens,ANP La Primavera,Los Guayabos,850,Riparia y encino
2003,Sturnira parvidens,ANP La Primavera,Los Guayabos,850,Riparia y encino
2003,Sturnira hondurensis,ANP La Primavera,Los Guayabos,850,Riparia y encino
2003,Sturnira parvidens,ANP La Primavera,Los Guayabos,850,Riparia y encino
2003,Sturnira parvidens,ANP La Primavera,Los Guayabos,850,Riparia y encino
2003,Mormoops megalophylla,ANP La Primavera,Los Guayabos,850,Riparia y encino
2003,Lasiurus cinereus,ANP La Primavera,Los Guayabos,850,Riparia y encino
2003,Artibeus hirsutus,ANP La Primavera,Los Guayabos,850,Riparia y encino
2003,Glossophaga mutica,ANP El Salado,Las Higueras,235,Vegetación secundaria
2003,Artibeus lituratus,ANP El Salado,Las Higueras,235,Vegetación secundaria
2003,Artibeus lituratus,ANP El Salado,Las Higueras,235,Vegetación secundaria
2003,Artibeus lituratus,ANP El Salado,Las Higueras,235,Vegetación secundaria
2003,Artibeus lituratus,ANP El Salado,Las Higueras,235,Vegetación secundaria
2003,Dermanura phaeotis,ANP El Salado,Las Higueras,235,Vegetación secundaria
2003,Artibeus lituratus,ANP El Salado,Las Higueras,235,Vegetación secundaria
2003,Artibeus lituratus,ANP El Salado,Las Higueras,235,Vegetación secundaria
2003,Dermanura phaeotis,ANP El Salado,Las Higueras,235,Vegetación secundaria
2003,Artibeus lituratus,ANP El Salado,Las Higueras,235,Vegetación secundaria
2003,Dermanura phaeotis,ANP El Salado,Las Higueras,235,Vegetación secundaria
2003,Artibeus lituratus,ANP El Salado,Las Higueras,235,Vegetación secundaria
2003,Artibeus lituratus,ANP El Salado,Las Higueras,235,Vegetación secundaria
2003,Artibeus lituratus,ANP El Salado,Las Higueras,235,Vegetación secundaria
2003,Artibeus jamaicensis,ANP El Salado,Las Higueras,235,Vegetación secundaria
2003,Artibeus jamaicensis,ANP El Salado,Las Higueras,235,Vegetación secundaria
2003,Glossophaga mutica,ANP El Salado,El Vivero,350,bosque tropical subcaducifolio
2003,Artibeus lituratus,ANP El Salado,El Vivero,350,bosque tropical subcaducifolio
2003,Rhogeessa parvula,ANP El Salado,El Vivero,350,bosque tropical subcaducifolio
2003,Glossophaga mutica,ANP El Salado,El Vivero,350,bosque tropical subcaducifolio
2003,Artibeus lituratus,ANP El Salado,El Vivero,350,bosque tropical subcaducifolio
2003,Artibeus lituratus,ANP El Salado,El Vivero,350,bosque tropical subcaducifolio
2003,Artibeus lituratus,ANP El Salado,El Vivero,350,bosque tropical subcaducifolio
2003,Artibeus lituratus,ANP El Salado,El Vivero,350,bosque tropical subcaducifolio
2003,Artibeus lituratus,ANP El Salado,El Vivero,350,bosque tropical subcaducifolio
2003,Artibeus lituratus,ANP El Salado,El Vivero,350,bosque tropical subcaducifolio
2003,Artibeus lituratus,ANP El Salado,El Vivero,350,bosque tropical subcaducifolio
2003,Glossophaga mutica,ANP El Salado,El Vivero,350,bosque tropical subcaducifolio
2003,Artibeus jamaicensis,ANP El Salado,El Vivero,350,bosque tropical subcaducifolio
2003,Artibeus lituratus,ANP El Salado,El Vivero,350,bosque tropical subcaducifolio
2003,Artibeus lituratus,ANP El Salado,El Vivero,350,bosque tropical subcaducifolio
2003,Sturnira parvidens,ANP El Salado,El Vivero,350,bosque tropical subcaducifolio
2003,Artibeus lituratus,ANP El Salado,El Vivero,350,bosque tropical subcaducifolio
2003,Artibeus lituratus,ANP El Salado,El Vivero,350,bosque tropical subcaducifolio
2003,Pteronotus fulvus,ANP El Salado,El Vivero,350,bosque tropical subcaducifolio
2003,Glossophaga mutica,ANP El Salado,El Vivero,350,bosque tropical subcaducifolio
2003,Artibeus lituratus,ANP El Salado,El Vivero,350,bosque tropical subcaducifolio
2003,Sturnira parvidens,ANP El Salado,El Vivero,350,bosque tropical subcaducifolio
2003,Artibeus lituratus,ANP El Salado,El Vivero,350,bosque tropical subcaducifolio
2003,Artibeus lituratus,ANP El Salado,Las Higueras,235,Vegetación secundaria
2003,Artibeus jamaicensis,ANP El Salado,Las Higueras,235,Vegetación secundaria
2003,Artibeus lituratus,ANP El Salado,Las Higueras,235,Vegetación secundaria
2003,Artibeus lituratus,ANP El Salado,Las Higueras,235,Vegetación secundaria
2003,Dermanura phaeotis,ANP El Salado,El Vivero,350,bosque tropical subcaducifolio
2003,Artibeus lituratus,ANP El Salado,El Vivero,350,bosque tropical subcaducifolio
2003,Artibeus lituratus,ANP El Salado,El Vivero,350,bosque tropical subcaducifolio
2003,Artibeus lituratus,ANP El Salado,El Vivero,350,bosque tropical subcaducifolio
2003,Artibeus lituratus,ANP El Salado,El Vivero,350,bosque tropical subcaducifolio
2003,Artibeus lituratus,ANP El Salado,El Vivero,350,bosque tropical subcaducifolio
2003,Artibeus jamaicensis,ANP El Salado,El Vivero,350,bosque tropical subcaducifolio
2003,Artibeus jamaicensis,ANP El Salado,El Vivero,350,bosque tropical subcaducifolio
2003,Artibeus jamaicensis,ANP El Salado,El Vivero,350,bosque tropical subcaducifolio
2003,Artibeus lituratus,ANP El Salado,El Vivero,350,bosque tropical subcaducifolio
2003,Glossophaga mutica,ANP El Salado,El Vivero,350,bosque tropical subcaducifolio
2003,Sturnira parvidens,ANP El Salado,El Vivero,350,bosque tropical subcaducifolio
2003,Sturnira parvidens,ANP El Salado,El Vivero,350,bosque tropical subcaducifolio
2003,Sturnira parvidens,ANP El Salado,El Vivero,350,bosque tropical subcaducifolio
2003,Glossophaga mutica,ANP El Salado,El Vivero,350,bosque tropical subcaducifolio
2003,Artibeus jamaicensis,ANP El Salado,El Vivero,350,bosque tropical subcaducifolio
2003,Glossophaga mutica,ANP El Salado,El Vivero,350,bosque tropical subcaducifolio
2003,Tadarida brasiliensis,ANP La Primavera,Cerritos Colorados,1358,Bosque de pino
2003,Tadarida brasiliensis,ANP La Primavera,Cerritos Colorados,1358,Bosque de pino
2003,Lasiurus cinereus,ANP La Primavera,Cerritos Colorados,1358,Bosque de pino
2003,Myotis californicus,ANP La Primavera,Cerritos Colorados,1358,Bosque de pino
2003,Myotis californicus,ANP La Primavera,Los Guayabos,850,Riparia y encino
2003,Tadarida brasiliensis,ANP La Primavera,Los Guayabos,850,Riparia y encino
2003,Sturnira parvidens,ANP La Primavera,Los Guayabos,850,Riparia y encino
2003,Dermanura phaeotis,ANP El Salado,Las Higueras,235,Vegetación secundaria
2003,Glossophaga mutica,ANP El Salado,Las Higueras,235,Vegetación secundaria
2003,Artibeus jamaicensis,ANP El Salado,Las Higueras,235,Vegetación secundaria
2003,Glossophaga mutica,ANP El Salado,Las Higueras,235,Vegetación secundaria
2003,Dermanura phaeotis,ANP El Salado,Las Higueras,235,Vegetación secundaria
2003,Artibeus jamaicensis,ANP El Salado,Las Higueras,235,Vegetación secundaria
2003,Artibeus lituratus,ANP El Salado,Las Higueras,235,Vegetación secundaria
2003,Artibeus jamaicensis,ANP El Salado,Las Higueras,235,Vegetación secundaria
2003,Dermanura phaeotis,ANP El Salado,Las Higueras,235,Vegetación secundaria
2003,Artibeus jamaicensis,ANP El Salado,Las Higueras,235,Vegetación secundaria
2003,Rhogeessa parvula,ANP El Salado,El Vivero,350,bosque tropical subcaducifolio
2003,Artibeus jamaicensis,ANP El Salado,El Vivero,350,bosque tropical subcaducifolio
2003,Glossophaga mutica,ANP El Salado,El Vivero,350,bosque tropical subcaducifolio
2003,Artibeus jamaicensis,ANP El Salado,El Vivero,350,bosque tropical subcaducifolio
2003,Artibeus lituratus,ANP El Salado,El Vivero,350,bosque tropical subcaducifolio
2003,Sturnira parvidens,ANP La Primavera,Los Guayabos,850,Riparia y encino
2003,Eptesicus fuscus,ANP La Primavera,Los Guayabos,850,Riparia y encino
2003,Eptesicus fuscus,ANP La Primavera,Los Guayabos,850,Riparia y encino
2003,Lasiurus cinereus,ANP La Primavera,Los Guayabos,850,Riparia y encino
2003,Tadarida brasiliensis,ANP La Primavera,Cerritos Colorados,1358,Bosque de pino
2003,Lasiurus frantzii,ANP La Primavera,Cerritos Colorados,1358,Bosque de pino
2003,Tadarida brasiliensis,ANP La Primavera,Cerritos Colorados,1358,Bosque de pino
2003,Tadarida brasiliensis,ANP La Primavera,Cerritos Colorados,1358,Bosque de pino
2003,Eptesicus fuscus,ANP La Primavera,Cerritos Colorados,1358,Bosque de pino
2003,Tadarida brasiliensis,ANP La Primavera,Cerritos Colorados,1358,Bosque de pino
2003,Eptesicus fuscus,ANP La Primavera,Cerritos Colorados,1358,Bosque de pino
2003,Myotis californicus,ANP La Primavera,Cerritos Colorados,1358,Bosque de pino
2003,Sturnira parvidens,ANP La Primavera,Los Guayabos,850,Riparia y encino
2003,Sturnira parvidens,ANP La Primavera,Los Guayabos,850,Riparia y encino
2003,Sturnira parvidens,ANP La Primavera,Los Guayabos,850,Riparia y encino
2003,Eptesicus fuscus,ANP La Primavera,Los Guayabos,850,Riparia y encino
2003,Sturnira parvidens,ANP La Primavera,Los Guayabos,850,Riparia y encino
2003,Sturnira parvidens,ANP La Primavera,Los Guayabos,850,Riparia y encino
2003,Sturnira parvidens,ANP La Primavera,Los Guayabos,850,Riparia y encino
2003,Lasiurus frantzii,ANP La Primavera,Los Guayabos,850,Riparia y encino
2003,Artibeus jamaicensis,ANP La Primavera,Los Guayabos,850,Riparia y encino
2003,Tadarida brasiliensis,ANP La Primavera,Cerritos Colorados,1358,Bosque de pino
2003,Lasiurus cinereus,ANP La Primavera,Cerritos Colorados,1358,Bosque de pino
2003,Tadarida brasiliensis,ANP La Primavera,Cerritos Colorados,1358,Bosque de pino
2003,Myotis californicus,ANP La Primavera,Cerritos Colorados,1358,Bosque de pino
2003,Tadarida brasiliensis,ANP La Primavera,Cerritos Colorados,1358,Bosque de pino
2003,Eptesicus fuscus,ANP La Primavera,Cerritos Colorados,1358,Bosque de pino
2003,Sturnira parvidens,ANP La Primavera,Los Guayabos,850,Riparia y encino
2003,Sturnira parvidens,ANP La Primavera,Los Guayabos,850,Riparia y encino
2003,Sturnira parvidens,ANP La Primavera,Los Guayabos,850,Riparia y encino
2003,Sturnira parvidens,ANP La Primavera,Los Guayabos,850,Riparia y encino
2003,Sturnira parvidens,ANP La Primavera,Los Guayabos,850,Riparia y encino
2003,Sturnira parvidens,ANP La Primavera,Los Guayabos,850,Riparia y encino
2003,Sturnira parvidens,ANP La Primavera,Los Guayabos,850,Riparia y encino
2003,Sturnira parvidens,ANP La Primavera,Los Guayabos,850,Riparia y encino
2003,Sturnira parvidens,ANP La Primavera,Los Guayabos,850,Riparia y encino
2003,Sturnira parvidens,ANP La Primavera,Los Guayabos,850,Riparia y encino
2003,Sturnira parvidens,ANP La Primavera,Los Guayabos,850,Riparia y encino
2003,Sturnira parvidens,ANP La Primavera,Los Guayabos,850,Riparia y encino
2003,Sturnira parvidens,ANP La Primavera,Los Guayabos,850,Riparia y encino
2003,Artibeus jamaicensis,ANP La Primavera,Los Guayabos,850,Riparia y encino
2003,Tadarida brasiliensis,ANP La Primavera,Cerritos Colorados,1358,Bosque de pino
2003,Lasiurus frantzii,ANP La Primavera,Cerritos Colorados,1358,Bosque de pino
2003,Myotis californicus,ANP La Primavera,Cerritos Colorados,1358,Bosque de pino
2003,Leptonycteris yerbabuenae,ANP La Primavera,Cerritos Colorados,1358,Bosque de pino
2003,Tadarida brasiliensis,ANP La Primavera,Cerritos Colorados,1358,Bosque de pino
2003,Dermanura phaeotis,ANP El Salado,Las Higueras,235,Vegetación secundaria
2003,Rhogeessa parvula,ANP El Salado,Las Higueras,235,Vegetación secundaria
2003,Artibeus lituratus,ANP El Salado,Las Higueras,235,Vegetación secundaria
2003,Dermanura phaeotis,ANP El Salado,Las Higueras,235,Vegetación secundaria
2003,Dermanura phaeotis,ANP El Salado,Las Higueras,235,Vegetación secundaria
2003,Artibeus jamaicensis,ANP El Salado,Las Higueras,235,Vegetación secundaria
2003,Glossophaga mutica,ANP El Salado,Las Higueras,235,Vegetación secundaria
2003,Artibeus lituratus,ANP El Salado,Las Higueras,235,Vegetación secundaria
2003,Glossophaga mutica,ANP El Salado,Las Higueras,235,Vegetación secundaria
2003,Glossophaga mutica,ANP El Salado,Las Higueras,235,Vegetación secundaria
2003,Glossophaga mutica,ANP El Salado,Las Higueras,235,Vegetación secundaria
2003,Dermanura phaeotis,ANP El Salado,Las Higueras,235,Vegetación secundaria
2003,Glossophaga mutica,ANP El Salado,Las Higueras,235,Vegetación secundaria
2003,Glossophaga mutica,ANP El Salado,Las Higueras,235,Vegetación secundaria
2003,Dermanura phaeotis,ANP El Salado,Las Higueras,235,Vegetación secundaria
2003,Artibeus jamaicensis,ANP El Salado,Las Higueras,235,Vegetación secundaria
2003,Glossophaga mutica,ANP El Salado,Las Higueras,235,Vegetación secundaria
2003,Glossophaga mutica,ANP El Salado,Las Higueras,235,Vegetación secundaria
2003,Dermanura phaeotis,ANP El Salado,Las Higueras,235,Vegetación secundaria
2003,Glossophaga mutica,ANP El Salado,Las Higueras,235,Vegetación secundaria
2003,Glossophaga mutica,ANP El Salado,Las Higueras,235,Vegetación secundaria
2003,Glossophaga mutica,ANP El Salado,Las Higueras,235,Vegetación secundaria
2003,Glossophaga mutica,ANP El Salado,Las Higueras,235,Vegetación secundaria
2003,Glossophaga mutica,ANP El Salado,Las Higueras,235,Vegetación secundaria
2003,Artibeus lituratus,ANP El Salado,Las Higueras,235,Vegetación secundaria
2003,Artibeus jamaicensis,ANP El Salado,Las Higueras,235,Vegetación secundaria
2003,Artibeus lituratus,ANP El Salado,Las Higueras,235,Vegetación secundaria
2003,Artibeus jamaicensis,ANP El Salado,Las Higueras,235,Vegetación secundaria
2003,Glossophaga mutica,ANP El Salado,Las Higueras,235,Vegetación secundaria
2003,Glossophaga mutica,ANP El Salado,Las Higueras,235,Vegetación secundaria
2003,Glossophaga mutica,ANP El Salado,Las Higueras,235,Vegetación secundaria
2003,Glossophaga mutica,ANP El Salado,Las Higueras,235,Vegetación secundaria
2003,Artibeus lituratus,ANP El Salado,Las Higueras,235,Vegetación secundaria
2003,Glossophaga mutica,ANP El Salado,Las Higueras,235,Vegetación secundaria
2003,Artibeus jamaicensis,ANP El Salado,Las Higueras,235,Vegetación secundaria
2003,Glossophaga mutica,ANP El Salado,Las Higueras,235,Vegetación secundaria
2003,Glossophaga mutica,ANP El Salado,Las Higueras,235,Vegetación secundaria
2003,Glossophaga mutica,ANP El Salado,Las Higueras,235,Vegetación secundaria
2003,Dermanura phaeotis,ANP El Salado,Las Higueras,235,Vegetación secundaria
2003,Artibeus lituratus,ANP El Salado,Las Higueras,235,Vegetación secundaria
2003,Artibeus lituratus,ANP El Salado,Las Higueras,235,Vegetación secundaria
2003,Artibeus jamaicensis,ANP El Salado,Las Higueras,235,Vegetación secundaria
2003,Artibeus lituratus,ANP El Salado,Las Higueras,235,Vegetación secundaria
2003,Artibeus jamaicensis,ANP El Salado,Las Higueras,235,Vegetación secundaria
2003,Artibeus jamaicensis,ANP El Salado,Las Higueras,235,Vegetación secundaria
2003,Artibeus lituratus,ANP El Salado,Las Higueras,235,Vegetación secundaria
2003,Artibeus jamaicensis,ANP El Salado,Las Higueras,235,Vegetación secundaria
2003,Glossophaga mutica,ANP El Salado,Las Higueras,235,Vegetación secundaria
2003,Artibeus lituratus,ANP El Salado,El Vivero,350,bosque tropical subcaducifolio
2003,Artibeus lituratus,ANP El Salado,El Vivero,350,bosque tropical subcaducifolio
2003,Artibeus lituratus,ANP El Salado,El Vivero,350,bosque tropical subcaducifolio
2003,Artibeus lituratus,ANP El Salado,El Vivero,350,bosque tropical subcaducifolio
2003,Artibeus lituratus,ANP El Salado,El Vivero,350,bosque tropical subcaducifolio
2003,Artibeus jamaicensis,ANP El Salado,El Vivero,350,bosque tropical subcaducifolio
2003,Artibeus lituratus,ANP El Salado,El Vivero,350,bosque tropical subcaducifolio
2003,Artibeus lituratus,ANP El Salado,El Vivero,350,bosque tropical subcaducifolio
2003,Artibeus lituratus,ANP El Salado,El Vivero,350,bosque tropical subcaducifolio
2003,Artibeus lituratus,ANP El Salado,El Vivero,350,bosque tropical subcaducifolio
2003,Artibeus lituratus,ANP El Salado,El Vivero,350,bosque tropical subcaducifolio
2003,Glossophaga mutica,ANP El Salado,El Vivero,350,bosque tropical subcaducifolio
2003,Artibeus lituratus,ANP El Salado,El Vivero,350,bosque tropical subcaducifolio
2003,Artibeus lituratus,ANP El Salado,El Vivero,350,bosque tropical subcaducifolio
2003,Artibeus lituratus,ANP El Salado,El Vivero,350,bosque tropical subcaducifolio
2003,Artibeus lituratus,ANP El Salado,El Vivero,350,bosque tropical subcaducifolio
2003,Artibeus jamaicensis,ANP El Salado,El Vivero,350,bosque tropical subcaducifolio
2003,Artibeus jamaicensis,ANP El Salado,El Vivero,350,bosque tropical subcaducifolio
2003,Glossophaga mutica,ANP El Salado,El Vivero,350,bosque tropical subcaducifolio
2003,Artibeus lituratus,ANP El Salado,El Vivero,350,bosque tropical subcaducifolio
2003,Glossophaga mutica,ANP El Salado,El Vivero,350,bosque tropical subcaducifolio
2003,Artibeus lituratus,ANP El Salado,El Vivero,350,bosque tropical subcaducifolio
2003,Artibeus lituratus,ANP El Salado,El Vivero,350,bosque tropical subcaducifolio
2003,Artibeus jamaicensis,ANP El Salado,El Vivero,350,bosque tropical subcaducifolio
2003,Artibeus lituratus,ANP El Salado,El Vivero,350,bosque tropical subcaducifolio
2003,Glossophaga mutica,ANP El Salado,El Vivero,350,bosque tropical subcaducifolio
2003,Artibeus jamaicensis,ANP El Salado,El Vivero,350,bosque tropical subcaducifolio
2003,Artibeus jamaicensis,ANP El Salado,El Vivero,350,bosque tropical subcaducifolio
2003,Artibeus lituratus,ANP El Salado,El Vivero,350,bosque tropical subcaducifolio
2003,Glossophaga mutica,ANP El Salado,El Vivero,350,bosque tropical subcaducifolio
2003,Artibeus lituratus,ANP El Salado,El Vivero,350,bosque tropical subcaducifolio
2003,Glossophaga mutica,ANP El Salado,El Vivero,350,bosque tropical subcaducifolio
2003,Glossophaga mutica,ANP El Salado,El Vivero,350,bosque tropical subcaducifolio
2003,Artibeus jamaicensis,ANP El Salado,El Vivero,350,bosque tropical subcaducifolio
2003,Glossophaga mutica,ANP El Salado,El Vivero,350,bosque tropical subcaducifolio
2003,Glossophaga mutica,ANP El Salado,El Vivero,350,bosque tropical subcaducifolio
2003,Glossophaga mutica,ANP El Salado,El Vivero,350,bosque tropical subcaducifolio
2003,Glossophaga mutica,ANP El Salado,El Vivero,350,bosque tropical subcaducifolio
2003,Artibeus lituratus,ANP El Salado,El Vivero,350,bosque tropical subcaducifolio
2003,Glossophaga mutica,ANP El Salado,El Vivero,350,bosque tropical subcaducifolio
2003,Glossophaga mutica,ANP El Salado,El Vivero,350,bosque tropical subcaducifolio
2003,Artibeus lituratus,ANP El Salado,El Vivero,350,bosque tropical subcaducifolio
2003,Glossophaga mutica,ANP El Salado,El Vivero,350,bosque tropical subcaducifolio
2003,Artibeus lituratus,ANP El Salado,El Vivero,350,bosque tropical subcaducifolio
2003,Dermanura phaeotis,ANP El Salado,El Vivero,350,bosque tropical subcaducifolio
2003,Dermanura phaeotis,ANP El Salado,El Vivero,350,bosque tropical subcaducifolio
2003,Artibeus lituratus,ANP El Salado,El Vivero,350,bosque tropical subcaducifolio
2003,Artibeus lituratus,ANP El Salado,El Vivero,350,bosque tropical subcaducifolio
2003,Artibeus jamaicensis,ANP El Salado,El Vivero,350,bosque tropical subcaducifolio
2003,Artibeus jamaicensis,ANP El Salado,El Vivero,350,bosque tropical subcaducifolio
2003,Glossophaga mutica,ANP El Salado,El Vivero,350,bosque tropical subcaducifolio
2003,Artibeus jamaicensis,ANP El Salado,El Vivero,350,bosque tropical subcaducifolio
2003,Artibeus jamaicensis,ANP El Salado,El Vivero,350,bosque tropical subcaducifolio
2003,Artibeus jamaicensis,ANP El Salado,El Vivero,350,bosque tropical subcaducifolio
2003,Artibeus lituratus,ANP El Salado,El Vivero,350,bosque tropical subcaducifolio
2003,Artibeus jamaicensis,ANP El Salado,El Vivero,350,bosque tropical subcaducifolio
2003,Artibeus jamaicensis,ANP El Salado,El Vivero,350,bosque tropical subcaducifolio
2003,Artibeus lituratus,ANP El Salado,El Vivero,350,bosque tropical subcaducifolio
2003,Artibeus lituratus,ANP El Salado,El Vivero,350,bosque tropical subcaducifolio
2003,Sturnira parvidens,ANP La Primavera,Los Guayabos,850,Riparia y encino
2003,Sturnira parvidens,ANP La Primavera,Los Guayabos,850,Riparia y encino
2003,Sturnira parvidens,ANP La Primavera,Los Guayabos,850,Riparia y encino
2003,Sturnira parvidens,ANP La Primavera,Los Guayabos,850,Riparia y encino
2003,Sturnira parvidens,ANP La Primavera,Los Guayabos,850,Riparia y encino
2003,Artibeus jamaicensis,ANP La Primavera,Los Guayabos,850,Riparia y encino
2003,Sturnira parvidens,ANP La Primavera,Los Guayabos,850,Riparia y encino
2003,Sturnira parvidens,ANP La Primavera,Los Guayabos,850,Riparia y encino
2003,Sturnira parvidens,ANP La Primavera,Los Guayabos,850,Riparia y encino
2003,Sturnira parvidens,ANP La Primavera,Los Guayabos,850,Riparia y encino
2003,Sturnira parvidens,ANP La Primavera,Los Guayabos,850,Riparia y encino
2003,Sturnira parvidens,ANP La Primavera,Los Guayabos,850,Riparia y encino
2003,Eptesicus fuscus,ANP La Primavera,Los Guayabos,850,Riparia y encino
2003,Artibeus hirsutus,ANP La Primavera,Los Guayabos,850,Riparia y encino
2003,Artibeus jamaicensis,ANP La Primavera,Los Guayabos,850,Riparia y encino
2003,Glossophaga mutica,ANP El Salado,Las Higueras,235,Vegetación secundaria
2003,Rhogeessa parvula,ANP El Salado,Las Higueras,235,Vegetación secundaria
2003,Artibeus lituratus,ANP El Salado,Las Higueras,235,Vegetación secundaria
2003,Artibeus lituratus,ANP El Salado,Las Higueras,235,Vegetación secundaria
2003,Artibeus jamaicensis,ANP El Salado,Las Higueras,235,Vegetación secundaria
2003,Artibeus lituratus,ANP El Salado,Las Higueras,235,Vegetación secundaria
2003,Artibeus lituratus,ANP El Salado,Las Higueras,235,Vegetación secundaria
2003,Artibeus lituratus,ANP El Salado,El Vivero,350,bosque tropical subcaducifolio
2003,Glossophaga mutica,ANP El Salado,El Vivero,350,bosque tropical subcaducifolio
2003,Artibeus lituratus,ANP El Salado,El Vivero,350,bosque tropical subcaducifolio
2003,Glossophaga mutica,ANP El Salado,El Vivero,350,bosque tropical subcaducifolio
2003,Glossophaga mutica,ANP El Salado,El Vivero,350,bosque tropical subcaducifolio
2003,Myotis fortidens,ANP El Salado,El Vivero,350,bosque tropical subcaducifolio
2003,Artibeus lituratus,ANP El Salado,El Vivero,350,bosque tropical subcaducifolio
2003,Glossophaga mutica,ANP El Salado,El Vivero,350,bosque tropical subcaducifolio
2003,Glossophaga mutica,ANP El Salado,El Vivero,350,bosque tropical subcaducifolio
2003,Glossophaga mutica,ANP El Salado,El Vivero,350,bosque tropical subcaducifolio
2003,Glossophaga mutica,ANP El Salado,El Vivero,350,bosque tropical subcaducifolio
2003,Artibeus jamaicensis,ANP El Salado,El Vivero,350,bosque tropical subcaducifolio
2003,Artibeus lituratus,ANP El Salado,El Vivero,350,bosque tropical subcaducifolio
2003,Dermanura phaeotis,ANP El Salado,El Vivero,350,bosque tropical subcaducifolio
2003,Artibeus lituratus,ANP El Salado,El Vivero,350,bosque tropical subcaducifolio
2003,Rhogeessa parvula,ANP El Salado,El Vivero,350,bosque tropical subcaducifolio
2003,Dermanura phaeotis,ANP El Salado,El Vivero,350,bosque tropical subcaducifolio
2003,Glossophaga mutica,ANP El Salado,El Vivero,350,bosque tropical subcaducifolio
2003,Dermanura phaeotis,ANP El Salado,El Vivero,350,bosque tropical subcaducifolio
2003,Glossophaga mutica,ANP El Salado,El Vivero,350,bosque tropical subcaducifolio
2003,Glossophaga mutica,ANP El Salado,El Vivero,350,bosque tropical subcaducifolio
2003,Glossophaga mutica,ANP El Salado,El Vivero,350,bosque tropical subcaducifolio
2003,Glossophaga mutica,ANP El Salado,El Vivero,350,bosque tropical subcaducifolio
2003,Glossophaga mutica,ANP El Salado,El Vivero,350,bosque tropical subcaducifolio
2003,Artibeus lituratus,ANP El Salado,El Vivero,350,bosque tropical subcaducifolio
2003,Artibeus lituratus,ANP El Salado,El Vivero,350,bosque tropical subcaducifolio
2003,Glossophaga mutica,ANP El Salado,El Vivero,350,bosque tropical subcaducifolio
2003,Dermanura phaeotis,ANP El Salado,El Vivero,350,bosque tropical subcaducifolio
2003,Artibeus lituratus,ANP El Salado,El Vivero,350,bosque tropical subcaducifolio
2003,Artibeus jamaicensis,ANP El Salado,El Vivero,350,bosque tropical subcaducifolio
2003,Artibeus lituratus,ANP El Salado,El Vivero,350,bosque tropical subcaducifolio
2003,Artibeus lituratus,ANP El Salado,El Vivero,350,bosque tropical subcaducifolio
2003,Glossophaga mutica,ANP El Salado,El Vivero,350,bosque tropical subcaducifolio
2003,Artibeus lituratus,ANP El Salado,El Vivero,350,bosque tropical subcaducifolio
2003,Artibeus lituratus,ANP El Salado,El Vivero,350,bosque tropical subcaducifolio
2003,Dermanura phaeotis,ANP El Salado,El Vivero,350,bosque tropical subcaducifolio
2003,Artibeus jamaicensis,ANP El Salado,El Vivero,350,bosque tropical subcaducifolio
2003,Artibeus jamaicensis,ANP El Salado,El Vivero,350,bosque tropical subcaducifolio
2003,Artibeus lituratus,ANP El Salado,El Vivero,350,bosque tropical subcaducifolio
2003,Glossophaga mutica,ANP El Salado,El Vivero,350,bosque tropical subcaducifolio
2003,Artibeus lituratus,ANP El Salado,El Vivero,350,bosque tropical subcaducifolio
2003,Myotis fortidens,ANP El Salado,El Vivero,350,bosque tropical subcaducifolio
2003,Lasiurus cinereus,ANP La Primavera,Cerritos Colorados,1358,Bosque de pino
2003,Rhogeessa parvula,ANP El Salado,Las Higueras,235,Vegetación secundaria
2003,Artibeus jamaicensis,ANP El Salado,Las Higueras,235,Vegetación secundaria
2003,Glossophaga mutica,ANP El Salado,Las Higueras,235,Vegetación secundaria
2003,Dermanura phaeotis,ANP El Salado,Las Higueras,235,Vegetación secundaria
2003,Dermanura phaeotis,ANP El Salado,Las Higueras,235,Vegetación secundaria
2003,Artibeus lituratus,ANP El Salado,Las Higueras,235,Vegetación secundaria
2003,Dermanura phaeotis,ANP El Salado,Las Higueras,235,Vegetación secundaria
2003,Glossophaga mutica,ANP El Salado,Las Higueras,235,Vegetación secundaria
2003,Dermanura phaeotis,ANP El Salado,Las Higueras,235,Vegetación secundaria
2003,Rhogeessa parvula,ANP El Salado,Las Higueras,235,Vegetación secundaria
2003,Dermanura phaeotis,ANP El Salado,Las Higueras,235,Vegetación secundaria
2003,Rhogeessa parvula,ANP El Salado,Las Higueras,235,Vegetación secundaria
2003,Dermanura phaeotis,ANP El Salado,Las Higueras,235,Vegetación secundaria
2003,Dermanura phaeotis,ANP El Salado,Las Higueras,235,Vegetación secundaria
2003,Artibeus lituratus,ANP El Salado,Las Higueras,235,Vegetación secundaria
2003,Glossophaga mutica,ANP El Salado,Las Higueras,235,Vegetación secundaria
2003,Dermanura phaeotis,ANP El Salado,Las Higueras,235,Vegetación secundaria
2003,Dermanura phaeotis,ANP El Salado,Las Higueras,235,Vegetación secundaria
2003,Artibeus lituratus,ANP El Salado,Las Higueras,235,Vegetación secundaria
2003,Artibeus lituratus,ANP El Salado,Las Higueras,235,Vegetación secundaria
2003,Artibeus lituratus,ANP El Salado,Las Higueras,235,Vegetación secundaria
2003,Dermanura phaeotis,ANP El Salado,Las Higueras,235,Vegetación secundaria
2003,Artibeus jamaicensis,ANP El Salado,Las Higueras,235,Vegetación secundaria
2003,Artibeus lituratus,ANP El Salado,Las Higueras,235,Vegetación secundaria
2003,Artibeus jamaicensis,ANP El Salado,Las Higueras,235,Vegetación secundaria
2003,Artibeus jamaicensis,ANP El Salado,Las Higueras,235,Vegetación secundaria
2003,Artibeus lituratus,ANP El Salado,Las Higueras,235,Vegetación secundaria
2003,Glossophaga mutica,ANP El Salado,Las Higueras,235,Vegetación secundaria
2003,Glossophaga mutica,ANP El Salado,Las Higueras,235,Vegetación secundaria
2003,Artibeus jamaicensis,ANP El Salado,Las Higueras,235,Vegetación secundaria
2003,Dermanura phaeotis,ANP El Salado,Las Higueras,235,Vegetación secundaria
2003,Artibeus jamaicensis,ANP El Salado,Las Higueras,235,Vegetación secundaria
2003,Artibeus lituratus,ANP El Salado,Las Higueras,235,Vegetación secundaria
2003,Artibeus lituratus,ANP El Salado,Las Higueras,235,Vegetación secundaria
2003,Artibeus lituratus,ANP El Salado,Las Higueras,235,Vegetación secundaria
2003,Glossophaga mutica,ANP El Salado,Las Higueras,235,Vegetación secundaria
2003,Glossophaga mutica,ANP El Salado,Las Higueras,235,Vegetación secundaria
2003,Glossophaga mutica,ANP El Salado,Las Higueras,235,Vegetación secundaria
2003,Glossophaga mutica,ANP El Salado,Las Higueras,235,Vegetación secundaria
2003,Artibeus jamaicensis,ANP El Salado,Las Higueras,235,Vegetación secundaria
2003,Glossophaga mutica,ANP El Salado,Las Higueras,235,Vegetación secundaria
2003,Glossophaga mutica,ANP El Salado,Las Higueras,235,Vegetación secundaria
2003,Artibeus lituratus,ANP El Salado,Las Higueras,235,Vegetación secundaria
2003,Glossophaga mutica,ANP El Salado,Las Higueras,235,Vegetación secundaria
2003,Artibeus jamaicensis,ANP El Salado,Las Higueras,235,Vegetación secundaria
2003,Artibeus lituratus,ANP El Salado,Las Higueras,235,Vegetación secundaria
2003,Artibeus jamaicensis,ANP El Salado,Las Higueras,235,Vegetación secundaria
2003,Artibeus jamaicensis,ANP El Salado,Las Higueras,235,Vegetación secundaria
2003,Glossophaga mutica,ANP El Salado,Las Higueras,235,Vegetación secundaria
2003,Glossophaga mutica,ANP El Salado,Las Higueras,235,Vegetación secundaria
2003,Artibeus lituratus,ANP El Salado,Las Higueras,235,Vegetación secundaria
2003,Dermanura phaeotis,ANP El Salado,Las Higueras,235,Vegetación secundaria
2003,Artibeus jamaicensis,ANP El Salado,Las Higueras,235,Vegetación secundaria
2003,Artibeus lituratus,ANP El Salado,Las Higueras,235,Vegetación secundaria
2003,Rhogeessa parvula,ANP El Salado,Las Higueras,235,Vegetación secundaria
2003,Artibeus lituratus,ANP El Salado,Las Higueras,235,Vegetación secundaria
2003,Glossophaga mutica,ANP El Salado,Las Higueras,235,Vegetación secundaria
2003,Dermanura phaeotis,ANP El Salado,Las Higueras,235,Vegetación secundaria
2003,Artibeus lituratus,ANP El Salado,Las Higueras,235,Vegetación secundaria
2003,Artibeus lituratus,ANP El Salado,Las Higueras,235,Vegetación secundaria
2003,Artibeus lituratus,ANP El Salado,Las Higueras,235,Vegetación secundaria
2003,Glossophaga mutica,ANP El Salado,Las Higueras,235,Vegetación secundaria
2003,Artibeus lituratus,ANP El Salado,Las Higueras,235,Vegetación secundaria
2003,Dermanura phaeotis,ANP El Salado,Las Higueras,235,Vegetación secundaria
2003,Artibeus lituratus,ANP El Salado,El Vivero,350,bosque tropical subcaducifolio
2003,Artibeus lituratus,ANP El Salado,El Vivero,350,bosque tropical subcaducifolio
2003,Artibeus lituratus,ANP El Salado,Las Higueras,235,Vegetación secundaria
2003,Myotis fortidens,ANP El Salado,Las Higueras,235,Vegetación secundaria
2003,Artibeus lituratus,ANP El Salado,Las Higueras,235,Vegetación secundaria
2003,Artibeus lituratus,ANP El Salado,Las Higueras,235,Vegetación secundaria
2003,Glossophaga mutica,ANP El Salado,Las Higueras,235,Vegetación secundaria
2003,Dermanura phaeotis,ANP El Salado,Las Higueras,235,Vegetación secundaria
2003,Artibeus lituratus,ANP El Salado,Las Higueras,235,Vegetación secundaria
2003,Glossophaga mutica,ANP El Salado,Las Higueras,235,Vegetación secundaria
2003,Artibeus jamaicensis,ANP El Salado,Las Higueras,235,Vegetación secundaria
2003,Dermanura phaeotis,ANP El Salado,Las Higueras,235,Vegetación secundaria
2003,Glossophaga mutica,ANP El Salado,Las Higueras,235,Vegetación secundaria
2003,Glossophaga mutica,ANP El Salado,Las Higueras,235,Vegetación secundaria
2003,Artibeus lituratus,ANP El Salado,Las Higueras,235,Vegetación secundaria
2003,Artibeus lituratus,ANP El Salado,Las Higueras,235,Vegetación secundaria
2003,Artibeus lituratus,ANP El Salado,Las Higueras,235,Vegetación secundaria
2003,Artibeus lituratus,ANP El Salado,Las Higueras,235,Vegetación secundaria
2003,Artibeus jamaicensis,ANP El Salado,Las Higueras,235,Vegetación secundaria
2003,Artibeus lituratus,ANP El Salado,Las Higueras,235,Vegetación secundaria
2003,Artibeus lituratus,ANP El Salado,Las Higueras,235,Vegetación secundaria
2003,Artibeus lituratus,ANP El Salado,Las Higueras,235,Vegetación secundaria
2003,Artibeus lituratus,ANP El Salado,Las Higueras,235,Vegetación secundaria
2003,Artibeus lituratus,ANP El Salado,Las Higueras,235,Vegetación secundaria
2003,Artibeus lituratus,ANP El Salado,Las Higueras,235,Vegetación secundaria
2003,Artibeus jamaicensis,ANP El Salado,Las Higueras,235,Vegetación secundaria
2003,Artibeus lituratus,ANP El Salado,Las Higueras,235,Vegetación secundaria
2003,Artibeus lituratus,ANP El Salado,Las Higueras,235,Vegetación secundaria
2003,Artibeus lituratus,ANP El Salado,Las Higueras,235,Vegetación secundaria
2003,Artibeus jamaicensis,ANP El Salado,Las Higueras,235,Vegetación secundaria
2003,Artibeus lituratus,ANP El Salado,Las Higueras,235,Vegetación secundaria
2003,Artibeus lituratus,ANP El Salado,Las Higueras,235,Vegetación secundaria
2003,Artibeus lituratus,ANP El Salado,Las Higueras,235,Vegetación secundaria
2003,Artibeus lituratus,ANP El Salado,Las Higueras,235,Vegetación secundaria
2003,Artibeus lituratus,ANP El Salado,Las Higueras,235,Vegetación secundaria
2003,Artibeus lituratus,ANP El Salado,Las Higueras,235,Vegetación secundaria
2003,Artibeus lituratus,ANP El Salado,Las Higueras,235,Vegetación secundaria
2003,Artibeus lituratus,ANP El Salado,Las Higueras,235,Vegetación secundaria
2003,Glossophaga mutica,ANP El Salado,Las Higueras,235,Vegetación secundaria
2003,Artibeus lituratus,ANP El Salado,Las Higueras,235,Vegetación secundaria
2003,Artibeus lituratus,ANP El Salado,Las Higueras,235,Vegetación secundaria
2003,Artibeus lituratus,ANP El Salado,Las Higueras,235,Vegetación secundaria
2003,Artibeus lituratus,ANP El Salado,Las Higueras,235,Vegetación secundaria
2003,Artibeus lituratus,ANP El Salado,Las Higueras,235,Vegetación secundaria
2003,Artibeus jamaicensis,ANP El Salado,Las Higueras,235,Vegetación secundaria
2003,Dermanura phaeotis,ANP El Salado,Las Higueras,235,Vegetación secundaria
2003,Artibeus lituratus,ANP El Salado,Las Higueras,235,Vegetación secundaria
2003,Artibeus lituratus,ANP El Salado,Las Higueras,235,Vegetación secundaria
2003,Artibeus jamaicensis,ANP El Salado,Las Higueras,235,Vegetación secundaria
2003,Artibeus jamaicensis,ANP El Salado,Las Higueras,235,Vegetación secundaria
2003,Artibeus lituratus,ANP El Salado,Las Higueras,235,Vegetación secundaria
2003,Artibeus lituratus,ANP El Salado,Las Higueras,235,Vegetación secundaria
2003,Artibeus lituratus,ANP El Salado,El Vivero,350,bosque tropical subcaducifolio
2003,Artibeus lituratus,ANP El Salado,El Vivero,350,bosque tropical subcaducifolio
2003,Artibeus lituratus,ANP El Salado,El Vivero,350,bosque tropical subcaducifolio
2003,Artibeus lituratus,ANP El Salado,El Vivero,350,bosque tropical subcaducifolio
2003,Glossophaga mutica,ANP El Salado,El Vivero,350,bosque tropical subcaducifolio
2003,Dermanura phaeotis,ANP El Salado,El Vivero,350,bosque tropical subcaducifolio
2003,Artibeus jamaicensis,ANP El Salado,El Vivero,350,bosque tropical subcaducifolio
2003,Artibeus jamaicensis,ANP El Salado,El Vivero,350,bosque tropical subcaducifolio
2003,Artibeus lituratus,ANP El Salado,El Vivero,350,bosque tropical subcaducifolio
2003,Artibeus lituratus,ANP El Salado,El Vivero,350,bosque tropical subcaducifolio
2003,Artibeus jamaicensis,ANP El Salado,El Vivero,350,bosque tropical subcaducifolio
2003,Artibeus lituratus,ANP El Salado,El Vivero,350,bosque tropical subcaducifolio
2003,Artibeus jamaicensis,ANP El Salado,El Vivero,350,bosque tropical subcaducifolio
2003,Artibeus jamaicensis,ANP El Salado,El Vivero,350,bosque tropical subcaducifolio
2003,Artibeus lituratus,ANP El Salado,El Vivero,350,bosque tropical subcaducifolio
2003,Glossophaga mutica,ANP El Salado,El Vivero,350,bosque tropical subcaducifolio
2003,Artibeus lituratus,ANP El Salado,El Vivero,350,bosque tropical subcaducifolio
2003,Artibeus jamaicensis,ANP El Salado,El Vivero,350,bosque tropical subcaducifolio
2003,Artibeus lituratus,ANP El Salado,El Vivero,350,bosque tropical subcaducifolio
2003,Glossophaga mutica,ANP El Salado,El Vivero,350,bosque tropical subcaducifolio
2003,Artibeus lituratus,ANP El Salado,El Vivero,350,bosque tropical subcaducifolio
2003,Glossophaga mutica,ANP El Salado,El Vivero,350,bosque tropical subcaducifolio
2003,Artibeus lituratus,ANP El Salado,El Vivero,350,bosque tropical subcaducifolio
2003,Artibeus lituratus,ANP El Salado,El Vivero,350,bosque tropical subcaducifolio
2003,Artibeus lituratus,ANP El Salado,El Vivero,350,bosque tropical subcaducifolio
2003,Glossophaga mutica,ANP El Salado,El Vivero,350,bosque tropical subcaducifolio
2003,Artibeus lituratus,ANP El Salado,El Vivero,350,bosque tropical subcaducifolio
2003,Artibeus lituratus,ANP El Salado,El Vivero,350,bosque tropical subcaducifolio
2003,Glossophaga mutica,ANP El Salado,El Vivero,350,bosque tropical subcaducifolio
2003,Artibeus lituratus,ANP El Salado,El Vivero,350,bosque tropical subcaducifolio
2003,Artibeus jamaicensis,ANP El Salado,El Vivero,350,bosque tropical subcaducifolio
2003,Artibeus lituratus,ANP El Salado,El Vivero,350,bosque tropical subcaducifolio
2003,Artibeus lituratus,ANP El Salado,El Vivero,350,bosque tropical subcaducifolio
2003,Artibeus lituratus,ANP El Salado,El Vivero,350,bosque tropical subcaducifolio
2003,Artibeus jamaicensis,ANP El Salado,El Vivero,350,bosque tropical subcaducifolio
2003,Artibeus lituratus,ANP El Salado,El Vivero,350,bosque tropical subcaducifolio
2003,Artibeus lituratus,ANP El Salado,El Vivero,350,bosque tropical subcaducifolio
2003,Artibeus lituratus,ANP El Salado,El Vivero,350,bosque tropical subcaducifolio
2003,Artibeus lituratus,ANP El Salado,El Vivero,350,bosque tropical subcaducifolio
2003,Artibeus jamaicensis,ANP El Salado,El Vivero,350,bosque tropical subcaducifolio
2003,Dermanura phaeotis,ANP El Salado,El Vivero,350,bosque tropical subcaducifolio
2003,Artibeus jamaicensis,ANP El Salado,El Vivero,350,bosque tropical subcaducifolio
2003,Artibeus lituratus,ANP El Salado,El Vivero,350,bosque tropical subcaducifolio
2003,Artibeus lituratus,ANP El Salado,El Vivero,350,bosque tropical subcaducifolio
2003,Artibeus jamaicensis,ANP El Salado,El Vivero,350,bosque tropical subcaducifolio
2003,Artibeus lituratus,ANP El Salado,El Vivero,350,bosque tropical subcaducifolio
2003,Artibeus lituratus,ANP El Salado,El Vivero,350,bosque tropical subcaducifolio
2003,Dermanura phaeotis,ANP El Salado,El Vivero,350,bosque tropical subcaducifolio
2003,Artibeus jamaicensis,ANP El Salado,El Vivero,350,bosque tropical subcaducifolio
2003,Artibeus lituratus,ANP El Salado,El Vivero,350,bosque tropical subcaducifolio
2003,Artibeus lituratus,ANP El Salado,El Vivero,350,bosque tropical subcaducifolio
2003,Artibeus lituratus,ANP El Salado,El Vivero,350,bosque tropical subcaducifolio
2003,Artibeus jamaicensis,ANP El Salado,El Vivero,350,bosque tropical subcaducifolio
2003,Artibeus lituratus,ANP El Salado,El Vivero,350,bosque tropical subcaducifolio
2003,Artibeus lituratus,ANP El Salado,El Vivero,350,bosque tropical subcaducifolio
2003,Artibeus lituratus,ANP El Salado,El Vivero,350,bosque tropical subcaducifolio
2003,Artibeus lituratus,ANP El Salado,El Vivero,350,bosque tropical subcaducifolio
2003,Artibeus lituratus,ANP El Salado,El Vivero,350,bosque tropical subcaducifolio
2003,Artibeus jamaicensis,ANP El Salado,El Vivero,350,bosque tropical subcaducifolio
2003,Artibeus lituratus,ANP El Salado,El Vivero,350,bosque tropical subcaducifolio
2003,Sturnira parvidens,ANP La Primavera,Cerritos Colorados,1358,Bosque de pino
2003,Eptesicus fuscus,ANP La Primavera,Cerritos Colorados,1358,Bosque de pino
2003,Eptesicus fuscus,ANP La Primavera,Cerritos Colorados,1358,Bosque de pino
2003,Sturnira parvidens,ANP La Primavera,Los Guayabos,850,Riparia y encino
2003,Dermanura tolteca,ANP La Primavera,Los Guayabos,850,Riparia y encino
2003,Dermanura tolteca,ANP La Primavera,Los Guayabos,850,Riparia y encino
2003,Dermanura tolteca,ANP La Primavera,Los Guayabos,850,Riparia y encino
2003,Dermanura tolteca,ANP La Primavera,Los Guayabos,850,Riparia y encino
2003,Eptesicus fuscus,ANP La Primavera,Los Guayabos,850,Riparia y encino
2003,Dermanura tolteca,ANP La Primavera,Los Guayabos,850,Riparia y encino
2003,Eptesicus fuscus,ANP La Primavera,Cerritos Colorados,1358,Bosque de pino
2003,Artibeus lituratus,ANP El Salado,Las Higueras,235,Vegetación secundaria
2003,Artibeus lituratus,ANP El Salado,Las Higueras,235,Vegetación secundaria
2003,Artibeus lituratus,ANP El Salado,Las Higueras,235,Vegetación secundaria
2003,Artibeus lituratus,ANP El Salado,Las Higueras,235,Vegetación secundaria
2003,Artibeus jamaicensis,ANP El Salado,Las Higueras,235,Vegetación secundaria
2003,Dermanura phaeotis,ANP El Salado,Las Higueras,235,Vegetación secundaria
2003,Glossophaga mutica,ANP El Salado,Las Higueras,235,Vegetación secundaria
2003,Artibeus jamaicensis,ANP El Salado,Las Higueras,235,Vegetación secundaria
2003,Artibeus jamaicensis,ANP El Salado,Las Higueras,235,Vegetación secundaria
2003,Artibeus jamaicensis,ANP El Salado,Las Higueras,235,Vegetación secundaria
2003,Artibeus jamaicensis,ANP El Salado,Las Higueras,235,Vegetación secundaria
2003,Artibeus jamaicensis,ANP El Salado,Las Higueras,235,Vegetación secundaria
2003,Artibeus jamaicensis,ANP El Salado,Las Higueras,235,Vegetación secundaria
2003,Artibeus lituratus,ANP El Salado,Las Higueras,235,Vegetación secundaria
2003,Artibeus lituratus,ANP El Salado,Las Higueras,235,Vegetación secundaria
2003,Artibeus jamaicensis,ANP El Salado,Las Higueras,235,Vegetación secundaria
2003,Artibeus lituratus,ANP El Salado,Las Higueras,235,Vegetación secundaria
2003,Artibeus lituratus,ANP El Salado,Las Higueras,235,Vegetación secundaria
2003,Artibeus jamaicensis,ANP El Salado,Las Higueras,235,Vegetación secundaria
2003,Artibeus lituratus,ANP El Salado,Las Higueras,235,Vegetación secundaria
2003,Artibeus lituratus,ANP El Salado,Las Higueras,235,Vegetación secundaria
2003,Artibeus jamaicensis,ANP El Salado,Las Higueras,235,Vegetación secundaria
2003,Artibeus lituratus,ANP El Salado,Las Higueras,235,Vegetación secundaria
2003,Artibeus lituratus,ANP El Salado,Las Higueras,235,Vegetación secundaria
2003,Artibeus lituratus,ANP El Salado,Las Higueras,235,Vegetación secundaria
2003,Artibeus lituratus,ANP El Salado,Las Higueras,235,Vegetación secundaria
2003,Artibeus lituratus,ANP El Salado,Las Higueras,235,Vegetación secundaria
2003,Artibeus jamaicensis,ANP El Salado,Las Higueras,235,Vegetación secundaria
2003,Artibeus jamaicensis,ANP El Salado,Las Higueras,235,Vegetación secundaria
2003,Artibeus jamaicensis,ANP El Salado,Las Higueras,235,Vegetación secundaria
2003,Artibeus jamaicensis,ANP El Salado,Las Higueras,235,Vegetación secundaria
2003,Artibeus lituratus,ANP El Salado,Las Higueras,235,Vegetación secundaria
2003,Artibeus jamaicensis,ANP El Salado,Las Higueras,235,Vegetación secundaria
2003,Artibeus jamaicensis,ANP El Salado,Las Higueras,235,Vegetación secundaria
2003,Artibeus jamaicensis,ANP El Salado,Las Higueras,235,Vegetación secundaria
2003,Artibeus lituratus,ANP El Salado,Las Higueras,235,Vegetación secundaria
2003,Artibeus jamaicensis,ANP El Salado,Las Higueras,235,Vegetación secundaria
2003,Artibeus lituratus,ANP El Salado,Las Higueras,235,Vegetación secundaria
2003,Artibeus lituratus,ANP El Salado,Las Higueras,235,Vegetación secundaria
2003,Dermanura phaeotis,ANP El Salado,Las Higueras,235,Vegetación secundaria
2003,Artibeus jamaicensis,ANP El Salado,Las Higueras,235,Vegetación secundaria
2003,Artibeus lituratus,ANP El Salado,Las Higueras,235,Vegetación secundaria
2003,Artibeus lituratus,ANP El Salado,Las Higueras,235,Vegetación secundaria
2003,Artibeus jamaicensis,ANP El Salado,Las Higueras,235,Vegetación secundaria
2003,Artibeus jamaicensis,ANP El Salado,Las Higueras,235,Vegetación secundaria
2003,Artibeus jamaicensis,ANP El Salado,Las Higueras,235,Vegetación secundaria
2003,Artibeus jamaicensis,ANP El Salado,Las Higueras,235,Vegetación secundaria
2003,Artibeus lituratus,ANP El Salado,Las Higueras,235,Vegetación secundaria
2003,Artibeus lituratus,ANP El Salado,Las Higueras,235,Vegetación secundaria
2003,Artibeus lituratus,ANP El Salado,Las Higueras,235,Vegetación secundaria
2003,Artibeus lituratus,ANP El Salado,Las Higueras,235,Vegetación secundaria
2003,Artibeus lituratus,ANP El Salado,Las Higueras,235,Vegetación secundaria
2003,Dermanura phaeotis,ANP El Salado,Las Higueras,235,Vegetación secundaria
2003,Artibeus jamaicensis,ANP El Salado,Las Higueras,235,Vegetación secundaria
2003,Artibeus jamaicensis,ANP El Salado,Las Higueras,235,Vegetación secundaria
2003,Artibeus jamaicensis,ANP El Salado,Las Higueras,235,Vegetación secundaria
2003,Artibeus jamaicensis,ANP El Salado,Las Higueras,235,Vegetación secundaria
2003,Artibeus jamaicensis,ANP El Salado,Las Higueras,235,Vegetación secundaria
2003,Artibeus jamaicensis,ANP El Salado,Las Higueras,235,Vegetación secundaria
2003,Artibeus jamaicensis,ANP El Salado,Las Higueras,235,Vegetación secundaria
2003,Artibeus jamaicensis,ANP El Salado,Las Higueras,235,Vegetación secundaria
2003,Artibeus jamaicensis,ANP El Salado,Las Higueras,235,Vegetación secundaria
2003,Artibeus lituratus,ANP El Salado,Las Higueras,235,Vegetación secundaria
2003,Artibeus jamaicensis,ANP El Salado,Las Higueras,235,Vegetación secundaria
2003,Artibeus jamaicensis,ANP El Salado,Las Higueras,235,Vegetación secundaria
2003,Artibeus lituratus,ANP El Salado,Las Higueras,235,Vegetación secundaria
2003,Artibeus lituratus,ANP El Salado,Las Higueras,235,Vegetación secundaria
2003,Artibeus jamaicensis,ANP El Salado,Las Higueras,235,Vegetación secundaria
2003,Glossophaga mutica,ANP El Salado,Las Higueras,235,Vegetación secundaria
2003,Artibeus lituratus,ANP El Salado,Las Higueras,235,Vegetación secundaria
2003,Artibeus jamaicensis,ANP El Salado,Las Higueras,235,Vegetación secundaria
2003,Artibeus jamaicensis,ANP El Salado,Las Higueras,235,Vegetación secundaria
2003,Artibeus jamaicensis,ANP El Salado,Las Higueras,235,Vegetación secundaria
2003,Artibeus jamaicensis,ANP El Salado,Las Higueras,235,Vegetación secundaria
2003,Artibeus jamaicensis,ANP El Salado,Las Higueras,235,Vegetación secundaria
2003,Artibeus lituratus,ANP El Salado,Las Higueras,235,Vegetación secundaria
2003,Artibeus lituratus,ANP El Salado,Las Higueras,235,Vegetación secundaria
2003,Artibeus lituratus,ANP El Salado,Las Higueras,235,Vegetación secundaria
2003,Artibeus jamaicensis,ANP El Salado,El Vivero,350,bosque tropical subcaducifolio
2003,Glossophaga mutica,ANP El Salado,El Vivero,350,bosque tropical subcaducifolio
2003,Artibeus jamaicensis,ANP El Salado,El Vivero,350,bosque tropical subcaducifolio
2003,Artibeus lituratus,ANP El Salado,El Vivero,350,bosque tropical subcaducifolio
2003,Artibeus lituratus,ANP El Salado,El Vivero,350,bosque tropical subcaducifolio
2003,Artibeus jamaicensis,ANP El Salado,El Vivero,350,bosque tropical subcaducifolio
2003,Artibeus jamaicensis,ANP El Salado,El Vivero,350,bosque tropical subcaducifolio
2003,Artibeus lituratus,ANP El Salado,El Vivero,350,bosque tropical subcaducifolio
2003,Artibeus lituratus,ANP El Salado,El Vivero,350,bosque tropical subcaducifolio
2003,Artibeus jamaicensis,ANP El Salado,El Vivero,350,bosque tropical subcaducifolio
2003,Dermanura phaeotis,ANP El Salado,El Vivero,350,bosque tropical subcaducifolio
2003,Artibeus lituratus,ANP El Salado,El Vivero,350,bosque tropical subcaducifolio
2003,Artibeus lituratus,ANP El Salado,El Vivero,350,bosque tropical subcaducifolio
2003,Artibeus lituratus,ANP El Salado,El Vivero,350,bosque tropical subcaducifolio
2003,Artibeus jamaicensis,ANP El Salado,El Vivero,350,bosque tropical subcaducifolio
2003,Artibeus lituratus,ANP El Salado,El Vivero,350,bosque tropical subcaducifolio
2003,Artibeus lituratus,ANP El Salado,El Vivero,350,bosque tropical subcaducifolio
2003,Artibeus lituratus,ANP El Salado,El Vivero,350,bosque tropical subcaducifolio
2003,Artibeus lituratus,ANP El Salado,El Vivero,350,bosque tropical subcaducifolio
2003,Artibeus jamaicensis,ANP El Salado,El Vivero,350,bosque tropical subcaducifolio
2003,Artibeus jamaicensis,ANP El Salado,El Vivero,350,bosque tropical subcaducifolio
2003,Glossophaga mutica,ANP El Salado,El Vivero,350,bosque tropical subcaducifolio
2003,Artibeus jamaicensis,ANP El Salado,El Vivero,350,bosque tropical subcaducifolio
2003,Artibeus lituratus,ANP El Salado,El Vivero,350,bosque tropical subcaducifolio
2003,Artibeus lituratus,ANP El Salado,El Vivero,350,bosque tropical subcaducifolio
2003,Artibeus lituratus,ANP El Salado,El Vivero,350,bosque tropical subcaducifolio
2003,Artibeus lituratus,ANP El Salado,El Vivero,350,bosque tropical subcaducifolio
2003,Artibeus jamaicensis,ANP El Salado,El Vivero,350,bosque tropical subcaducifolio
2003,Artibeus lituratus,ANP El Salado,El Vivero,350,bosque tropical subcaducifolio
2003,Artibeus lituratus,ANP El Salado,El Vivero,350,bosque tropical subcaducifolio
2003,Artibeus jamaicensis,ANP El Salado,El Vivero,350,bosque tropical subcaducifolio
2003,Artibeus jamaicensis,ANP El Salado,El Vivero,350,bosque tropical subcaducifolio
2003,Artibeus jamaicensis,ANP El Salado,El Vivero,350,bosque tropical subcaducifolio
2003,Artibeus jamaicensis,ANP El Salado,El Vivero,350,bosque tropical subcaducifolio
2003,Artibeus lituratus,ANP El Salado,El Vivero,350,bosque tropical subcaducifolio
2003,Glossophaga mutica,ANP El Salado,El Vivero,350,bosque tropical subcaducifolio
2003,Artibeus jamaicensis,ANP El Salado,El Vivero,350,bosque tropical subcaducifolio
2003,Artibeus lituratus,ANP El Salado,El Vivero,350,bosque tropical subcaducifolio
2003,Artibeus lituratus,ANP El Salado,El Vivero,350,bosque tropical subcaducifolio
2003,Artibeus lituratus,ANP El Salado,El Vivero,350,bosque tropical subcaducifolio
2003,Artibeus jamaicensis,ANP El Salado,El Vivero,350,bosque tropical subcaducifolio
2003,Dermanura phaeotis,ANP El Salado,El Vivero,350,bosque tropical subcaducifolio
2003,Artibeus lituratus,ANP El Salado,El Vivero,350,bosque tropical subcaducifolio
2003,Artibeus lituratus,ANP El Salado,El Vivero,350,bosque tropical subcaducifolio
2003,Artibeus jamaicensis,ANP El Salado,El Vivero,350,bosque tropical subcaducifolio
2003,Artibeus lituratus,ANP El Salado,El Vivero,350,bosque tropical subcaducifolio
2003,Artibeus jamaicensis,ANP El Salado,El Vivero,350,bosque tropical subcaducifolio
2003,Artibeus jamaicensis,ANP El Salado,El Vivero,350,bosque tropical subcaducifolio
2003,Glossophaga mutica,ANP El Salado,El Vivero,350,bosque tropical subcaducifolio
2003,Artibeus lituratus,ANP El Salado,El Vivero,350,bosque tropical subcaducifolio
2003,Artibeus lituratus,ANP El Salado,El Vivero,350,bosque tropical subcaducifolio
2003,Artibeus lituratus,ANP El Salado,El Vivero,350,bosque tropical subcaducifolio
2003,Lasiurus xanthinus,ANP El Salado,El Vivero,350,bosque tropical subcaducifolio
2003,Artibeus lituratus,ANP El Salado,El Vivero,350,bosque tropical subcaducifolio
2003,Artibeus jamaicensis,ANP El Salado,El Vivero,350,bosque tropical subcaducifolio
2003,Artibeus lituratus,ANP El Salado,El Vivero,350,bosque tropical subcaducifolio
2003,Artibeus jamaicensis,ANP El Salado,El Vivero,350,bosque tropical subcaducifolio
2003,Sturnira parvidens,ANP La Primavera,Los Guayabos,850,Riparia y encino
2003,Dermanura tolteca,ANP La Primavera,Los Guayabos,850,Riparia y encino
2003,Lasiurus cinereus,ANP La Primavera,Cerritos Colorados,1358,Bosque de pino
2003,Glossophaga mutica,ANP El Salado,Las Higueras,235,Vegetación secundaria
2003,Artibeus lituratus,ANP El Salado,Las Higueras,235,Vegetación secundaria
2003,Artibeus lituratus,ANP El Salado,Las Higueras,235,Vegetación secundaria
2003,Artibeus lituratus,ANP El Salado,Las Higueras,235,Vegetación secundaria
2003,Artibeus lituratus,ANP El Salado,Las Higueras,235,Vegetación secundaria
2003,Artibeus lituratus,ANP El Salado,Las Higueras,235,Vegetación secundaria
2003,Artibeus lituratus,ANP El Salado,Las Higueras,235,Vegetación secundaria
2003,Artibeus lituratus,ANP El Salado,Las Higueras,235,Vegetación secundaria
2003,Artibeus lituratus,ANP El Salado,Las Higueras,235,Vegetación secundaria
2003,Artibeus lituratus,ANP El Salado,Las Higueras,235,Vegetación secundaria
2003,Artibeus lituratus,ANP El Salado,Las Higueras,235,Vegetación secundaria
2003,Artibeus lituratus,ANP El Salado,Las Higueras,235,Vegetación secundaria
2003,Artibeus lituratus,ANP El Salado,Las Higueras,235,Vegetación secundaria
2003,Artibeus lituratus,ANP El Salado,Las Higueras,235,Vegetación secundaria
2003,Artibeus jamaicensis,ANP El Salado,Las Higueras,235,Vegetación secundaria
2003,Artibeus lituratus,ANP El Salado,Las Higueras,235,Vegetación secundaria
2003,Artibeus lituratus,ANP El Salado,Las Higueras,235,Vegetación secundaria
2003,Artibeus lituratus,ANP El Salado,Las Higueras,235,Vegetación secundaria
2003,Artibeus lituratus,ANP El Salado,Las Higueras,235,Vegetación secundaria
2003,Artibeus lituratus,ANP El Salado,Las Higueras,235,Vegetación secundaria
2003,Artibeus lituratus,ANP El Salado,Las Higueras,235,Vegetación secundaria
2003,Artibeus lituratus,ANP El Salado,Las Higueras,235,Vegetación secundaria
2003,Artibeus lituratus,ANP El Salado,Las Higueras,235,Vegetación secundaria
2003,Artibeus lituratus,ANP El Salado,Las Higueras,235,Vegetación secundaria
2003,Artibeus lituratus,ANP El Salado,Las Higueras,235,Vegetación secundaria
2003,Artibeus lituratus,ANP El Salado,Las Higueras,235,Vegetación secundaria
2003,Artibeus lituratus,ANP El Salado,Las Higueras,235,Vegetación secundaria
2003,Artibeus lituratus,ANP El Salado,Las Higueras,235,Vegetación secundaria
2003,Artibeus lituratus,ANP El Salado,Las Higueras,235,Vegetación secundaria
2003,Artibeus lituratus,ANP El Salado,Las Higueras,235,Vegetación secundaria
2003,Artibeus lituratus,ANP El Salado,Las Higueras,235,Vegetación secundaria
2003,Dermanura phaeotis,ANP El Salado,Las Higueras,235,Vegetación secundaria
2003,Artibeus jamaicensis,ANP El Salado,Las Higueras,235,Vegetación secundaria
2003,Artibeus jamaicensis,ANP El Salado,Las Higueras,235,Vegetación secundaria
2003,Artibeus jamaicensis,ANP El Salado,Las Higueras,235,Vegetación secundaria
2003,Artibeus lituratus,ANP El Salado,Las Higueras,235,Vegetación secundaria
2003,Glossophaga mutica,ANP El Salado,Las Higueras,235,Vegetación secundaria
2003,Artibeus lituratus,ANP El Salado,Las Higueras,235,Vegetación secundaria
2003,Artibeus jamaicensis,ANP El Salado,Las Higueras,235,Vegetación secundaria
2003,Artibeus lituratus,ANP El Salado,Las Higueras,235,Vegetación secundaria
2003,Artibeus lituratus,ANP El Salado,El Vivero,350,bosque tropical subcaducifolio
2003,Glossophaga mutica,ANP El Salado,El Vivero,350,bosque tropical subcaducifolio
2003,Artibeus lituratus,ANP El Salado,El Vivero,350,bosque tropical subcaducifolio
2003,Artibeus lituratus,ANP El Salado,El Vivero,350,bosque tropical subcaducifolio
2003,Artibeus lituratus,ANP El Salado,El Vivero,350,bosque tropical subcaducifolio
2003,Glossophaga mutica,ANP El Salado,El Vivero,350,bosque tropical subcaducifolio
2003,Artibeus lituratus,ANP El Salado,El Vivero,350,bosque tropical subcaducifolio
2003,Glossophaga mutica,ANP El Salado,El Vivero,350,bosque tropical subcaducifolio
2003,Dermanura phaeotis,ANP El Salado,El Vivero,350,bosque tropical subcaducifolio
2003,Artibeus lituratus,ANP El Salado,El Vivero,350,bosque tropical subcaducifolio
2003,Artibeus lituratus,ANP El Salado,El Vivero,350,bosque tropical subcaducifolio
2003,Artibeus lituratus,ANP El Salado,El Vivero,350,bosque tropical subcaducifolio
2003,Artibeus lituratus,ANP El Salado,El Vivero,350,bosque tropical subcaducifolio
2003,Artibeus lituratus,ANP El Salado,El Vivero,350,bosque tropical subcaducifolio
2003,Artibeus lituratus,ANP El Salado,El Vivero,350,bosque tropical subcaducifolio
2003,Artibeus lituratus,ANP El Salado,El Vivero,350,bosque tropical subcaducifolio
2003,Artibeus lituratus,ANP El Salado,El Vivero,350,bosque tropical subcaducifolio
2003,Artibeus lituratus,ANP El Salado,El Vivero,350,bosque tropical subcaducifolio
2003,Artibeus lituratus,ANP El Salado,El Vivero,350,bosque tropical subcaducifolio
2003,Artibeus lituratus,ANP El Salado,El Vivero,350,bosque tropical subcaducifolio
2003,Artibeus lituratus,ANP El Salado,El Vivero,350,bosque tropical subcaducifolio
2003,Artibeus lituratus,ANP El Salado,El Vivero,350,bosque tropical subcaducifolio
2003,Artibeus lituratus,ANP El Salado,El Vivero,350,bosque tropical subcaducifolio
2003,Artibeus lituratus,ANP El Salado,El Vivero,350,bosque tropical subcaducifolio
2003,Artibeus lituratus,ANP El Salado,El Vivero,350,bosque tropical subcaducifolio
2003,Artibeus lituratus,ANP El Salado,El Vivero,350,bosque tropical subcaducifolio
2003,Artibeus lituratus,ANP El Salado,El Vivero,350,bosque tropical subcaducifolio
2003,Artibeus lituratus,ANP El Salado,El Vivero,350,bosque tropical subcaducifolio
2003,Glossophaga mutica,ANP El Salado,El Vivero,350,bosque tropical subcaducifolio
2003,Dermanura phaeotis,ANP El Salado,El Vivero,350,bosque tropical subcaducifolio
2003,Glossophaga mutica,ANP El Salado,El Vivero,350,bosque tropical subcaducifolio
2003,Artibeus lituratus,ANP El Salado,El Vivero,350,bosque tropical subcaducifolio
2003,Artibeus lituratus,ANP El Salado,El Vivero,350,bosque tropical subcaducifolio
2003,Artibeus jamaicensis,ANP El Salado,El Vivero,350,bosque tropical subcaducifolio
2003,Artibeus jamaicensis,ANP El Salado,El Vivero,350,bosque tropical subcaducifolio
2003,Artibeus lituratus,ANP El Salado,El Vivero,350,bosque tropical subcaducifolio
2003,Glossophaga mutica,ANP El Salado,El Vivero,350,bosque tropical subcaducifolio
2003,Artibeus lituratus,ANP El Salado,El Vivero,350,bosque tropical subcaducifolio
2003,Artibeus jamaicensis,ANP El Salado,El Vivero,350,bosque tropical subcaducifolio
2003,Dermanura phaeotis,ANP El Salado,El Vivero,350,bosque tropical subcaducifolio
2003,Artibeus lituratus,ANP El Salado,El Vivero,350,bosque tropical subcaducifolio
2003,Artibeus lituratus,ANP El Salado,El Vivero,350,bosque tropical subcaducifolio
2003,Artibeus lituratus,ANP El Salado,El Vivero,350,bosque tropical subcaducifolio
2003,Artibeus lituratus,ANP El Salado,El Vivero,350,bosque tropical subcaducifolio
2003,Artibeus jamaicensis,ANP La Primavera,Los Guayabos,850,Riparia y encino
2003,Myotis thysanodes,ANP La Primavera,Los Guayabos,850,Riparia y encino
2003,Artibeus hirsutus,ANP La Primavera,Los Guayabos,850,Riparia y encino
2003,Artibeus jamaicensis,ANP La Primavera,Los Guayabos,850,Riparia y encino
2003,Sturnira parvidens,ANP La Primavera,Los Guayabos,850,Riparia y encino
2003,Myotis californicus,ANP La Primavera,Los Guayabos,850,Riparia y encino
2003,Sturnira parvidens,ANP La Primavera,Los Guayabos,850,Riparia y encino
2003,Dermanura phaeotis,ANP El Salado,El Vivero,350,bosque tropical subcaducifolio
2003,Dermanura phaeotis,ANP El Salado,El Vivero,350,bosque tropical subcaducifolio
2003,Artibeus lituratus,ANP El Salado,El Vivero,350,bosque tropical subcaducifolio
2003,Artibeus lituratus,ANP El Salado,El Vivero,350,bosque tropical subcaducifolio
2003,Dermanura phaeotis,ANP El Salado,El Vivero,350,bosque tropical subcaducifolio
2003,Artibeus lituratus,ANP El Salado,El Vivero,350,bosque tropical subcaducifolio
2003,Artibeus lituratus,ANP El Salado,El Vivero,350,bosque tropical subcaducifolio
2003,Artibeus lituratus,ANP El Salado,El Vivero,350,bosque tropical subcaducifolio
2003,Artibeus lituratus,ANP El Salado,El Vivero,350,bosque tropical subcaducifolio
2003,Artibeus lituratus,ANP El Salado,El Vivero,350,bosque tropical subcaducifolio
2003,Artibeus lituratus,ANP El Salado,El Vivero,350,bosque tropical subcaducifolio
2003,Artibeus jamaicensis,ANP El Salado,El Vivero,350,bosque tropical subcaducifolio
2003,Artibeus lituratus,ANP El Salado,El Vivero,350,bosque tropical subcaducifolio
2003,Glossophaga mutica,ANP El Salado,El Vivero,350,bosque tropical subcaducifolio
2003,Artibeus jamaicensis,ANP El Salado,El Vivero,350,bosque tropical subcaducifolio
2003,Artibeus jamaicensis,ANP El Salado,El Vivero,350,bosque tropical subcaducifolio
2003,Artibeus lituratus,ANP El Salado,El Vivero,350,bosque tropical subcaducifolio
2003,Artibeus jamaicensis,ANP El Salado,El Vivero,350,bosque tropical subcaducifolio
2003,Artibeus lituratus,ANP El Salado,El Vivero,350,bosque tropical subcaducifolio
2003,Artibeus lituratus,ANP El Salado,El Vivero,350,bosque tropical subcaducifolio
2003,Artibeus jamaicensis,ANP El Salado,El Vivero,350,bosque tropical subcaducifolio
2003,Artibeus lituratus,ANP El Salado,El Vivero,350,bosque tropical subcaducifolio
2003,Glossophaga mutica,ANP El Salado,El Vivero,350,bosque tropical subcaducifolio
2003,Artibeus lituratus,ANP El Salado,El Vivero,350,bosque tropical subcaducifolio
2003,Artibeus lituratus,ANP El Salado,El Vivero,350,bosque tropical subcaducifolio
2003,Sturnira parvidens,ANP El Salado,El Vivero,350,bosque tropical subcaducifolio
2003,Artibeus lituratus,ANP El Salado,El Vivero,350,bosque tropical subcaducifolio
2003,Artibeus lituratus,ANP El Salado,El Vivero,350,bosque tropical subcaducifolio
2003,Sturnira parvidens,ANP El Salado,El Vivero,350,bosque tropical subcaducifolio
2003,Glossophaga mutica,ANP El Salado,El Vivero,350,bosque tropical subcaducifolio
2003,Artibeus lituratus,ANP El Salado,El Vivero,350,bosque tropical subcaducifolio
2003,Artibeus lituratus,ANP El Salado,El Vivero,350,bosque tropical subcaducifolio
2003,Artibeus lituratus,ANP El Salado,El Vivero,350,bosque tropical subcaducifolio
2003,Artibeus lituratus,ANP El Salado,Las Higueras,235,Vegetación secundaria
2003,Artibeus lituratus,ANP El Salado,Las Higueras,235,Vegetación secundaria
2003,Artibeus lituratus,ANP El Salado,Las Higueras,235,Vegetación secundaria
2003,Dermanura phaeotis,ANP El Salado,Las Higueras,235,Vegetación secundaria
2003,Artibeus lituratus,ANP El Salado,Las Higueras,235,Vegetación secundaria
2003,Artibeus lituratus,ANP El Salado,Las Higueras,235,Vegetación secundaria
2003,Artibeus lituratus,ANP El Salado,Las Higueras,235,Vegetación secundaria
2003,Artibeus lituratus,ANP El Salado,Las Higueras,235,Vegetación secundaria
2003,Artibeus lituratus,ANP El Salado,Las Higueras,235,Vegetación secundaria
2003,Artibeus lituratus,ANP El Salado,Las Higueras,235,Vegetación secundaria
2003,Artibeus lituratus,ANP El Salado,Las Higueras,235,Vegetación secundaria
2003,Artibeus lituratus,ANP El Salado,Las Higueras,235,Vegetación secundaria
2003,Artibeus lituratus,ANP El Salado,Las Higueras,235,Vegetación secundaria
2003,Artibeus jamaicensis,ANP El Salado,Las Higueras,235,Vegetación secundaria
2003,Artibeus jamaicensis,ANP El Salado,Las Higueras,235,Vegetación secundaria
2003,Artibeus lituratus,ANP El Salado,Las Higueras,235,Vegetación secundaria
2003,Artibeus lituratus,ANP El Salado,Las Higueras,235,Vegetación secundaria
2003,Artibeus lituratus,ANP El Salado,Las Higueras,235,Vegetación secundaria
2003,Artibeus lituratus,ANP El Salado,Las Higueras,235,Vegetación secundaria
2003,Artibeus jamaicensis,ANP El Salado,Las Higueras,235,Vegetación secundaria
2003,Artibeus lituratus,ANP El Salado,Las Higueras,235,Vegetación secundaria
2003,Dermanura phaeotis,ANP El Salado,Las Higueras,235,Vegetación secundaria
2003,Artibeus lituratus,ANP El Salado,Las Higueras,235,Vegetación secundaria
2003,Artibeus lituratus,ANP El Salado,Las Higueras,235,Vegetación secundaria
2003,Artibeus lituratus,ANP El Salado,Las Higueras,235,Vegetación secundaria
2003,Artibeus lituratus,ANP El Salado,Las Higueras,235,Vegetación secundaria
2003,Artibeus jamaicensis,ANP El Salado,Las Higueras,235,Vegetación secundaria
2003,Artibeus lituratus,ANP El Salado,Las Higueras,235,Vegetación secundaria
2003,Artibeus lituratus,ANP El Salado,Las Higueras,235,Vegetación secundaria
2003,Artibeus lituratus,ANP El Salado,Las Higueras,235,Vegetación secundaria
2003,Artibeus lituratus,ANP El Salado,Las Higueras,235,Vegetación secundaria
2003,Lasiurus cinereus,ANP La Primavera,Los Guayabos,850,Riparia y encino
2003,Tadarida brasiliensis,ANP La Primavera,Cerritos Colorados,1358,Bosque de pino
2003,Tadarida brasiliensis,ANP La Primavera,Cerritos Colorados,1358,Bosque de pino